,CBSA Code,CBSA,CO 2nd Max 1-hr,CO 2nd Max 8-hr,NO2 98th Percentile 1-hr,NO2 Mean 1-hr,Ozone 2nd Max 1-hr,Ozone 4th Max 8-hr,SO2 99th Percentile 1-hr,SO2 2nd Max 24-hr,SO2 Mean 1-hr,PM2.5 98th Percentile 24-hr,PM2.5 Weighted Mean 24-hr,PM10 2nd Max 24-hr,PM10 Mean 24-hr,Lead Max 3-Mo Avg,Year
0,10420,"Akron, OH",17.6,7.8,,,0.12,0.099,188.0,66.0,19.0,,,,,,1980
1,11780,"Ashtabula, OH",,,,,0.11,0.092,101.0,34.0,10.0,,,,,,1980
2,15940,"Canton-Massillon, OH",8.0,4.5,,29.0,0.1,0.087,,,,,,,,,1980
3,17060,"Chillicothe, OH",,,,,,,,,,,,,,,1980
4,17140,"Cincinnati, OH-KY-IN",10.0,6.0,70.0,26.0,0.16,0.11,190.0,55.0,14.0,,,,,,1980
5,17460,"Cleveland-Elyria, OH",16.3,11.0,,,0.12,0.097,516.0,125.0,18.0,,,,,,1980
6,18140,"Columbus, OH",20.0,12.1,,19.0,0.13,0.101,173.0,48.0,9.0,,,,,,1980
7,18740,"Coshocton, OH",,,,,,,,,,,,,,,1980
8,19380,"Dayton, OH",14.0,7.1,,,0.13,0.102,,,,,,,,,1980
9,22300,"Findlay, OH",,,,,,,,,,,,,,,1980
10,26580,"Huntington-Ashland, WV-KY-OH",,9.1,,,0.13,0.093,,,,,,,,,1980
11,30620,"Lima, OH",,,,,,,,,,,,,,,1980
12,31900,"Mansfield, OH",,,,,,,,,,,,,,,1980
13,31930,"Marietta, OH",,,,,,,,,,,,,,,1980
14,32020,"Marion, OH",,,,,,,,,,,,,,,1980
15,41400,"Salem, OH",,,,,,,,,,,,,,,1980
16,41780,"Sandusky, OH",,,,,,,,,,,,,,,1980
17,44220,"Springfield, OH",,,,,0.13,0.094,,,,,,,,,1980
18,45660,"Tiffin, OH",,,,,,,,,,,,,,,1980
19,45780,"Toledo, OH",12.5,5.8,,,0.14,0.101,255.0,86.0,13.0,,,,,,1980
20,48260,"Weirton-Steubenville, WV-OH",12.0,8.3,75.0,23.0,0.16,0.107,280.0,86.0,27.0,,,,,,1980
21,48540,"Wheeling, WV-OH",,4.9,,,0.09,0.062,,,,,,,,,1980
22,49660,"Youngstown-Warren-Boardman, OH-PA",11.0,6.0,175.0,41.0,0.12,0.091,185.0,60.0,13.0,,,,,,1980
0,10420,"Akron, OH",,8.9,,,0.24,0.108,365.0,117.0,21.0,,,,,,1981
1,11780,"Ashtabula, OH",,,,,0.14,0.099,,,,,,,,,1981
2,15940,"Canton-Massillon, OH",9.7,6.1,,,,,,,,,,,,,1981
3,17140,"Cincinnati, OH-KY-IN",12.5,9.6,73.0,26.0,0.13,0.096,359.0,106.0,14.0,,,,,,1981
4,17460,"Cleveland-Elyria, OH",18.0,9.9,,,0.12,0.098,155.0,59.0,16.0,,,,,,1981
5,18140,"Columbus, OH",22.0,10.0,98.0,22.0,0.11,0.092,,,,,,,,,1981
6,19380,"Dayton, OH",15.0,8.4,,,0.13,0.1,,,,,,,,,1981
7,26580,"Huntington-Ashland, WV-KY-OH",15.5,10.1,,,0.11,0.091,,,,,,,,,1981
8,30620,"Lima, OH",,,,,,,124.0,41.0,6.0,,,,,,1981
9,41400,"Salem, OH",,,,,,,250.0,86.0,28.0,,,,,,1981
10,44220,"Springfield, OH",,,,,0.12,0.105,,,,,,,,,1981
11,45780,"Toledo, OH",17.5,7.4,,,0.13,0.108,263.0,61.0,14.0,,,,,,1981
12,48260,"Weirton-Steubenville, WV-OH",12.0,8.3,75.0,21.0,0.1,0.063,315.0,117.0,23.0,,,,,,1981
13,48540,"Wheeling, WV-OH",7.2,9.2,,,,,,,,,,,,,1981
14,48940,"Wilmington, OH",,,,,0.13,0.1,,,,,,,,,1981
15,49660,"Youngstown-Warren-Boardman, OH-PA",10.0,6.8,200.0,35.0,0.13,0.095,135.0,58.0,15.0,,,,,,1981
0,10420,"Akron, OH",8.8,5.6,,,0.14,0.107,350.0,114.0,19.0,,,,,,1982
1,11780,"Ashtabula, OH",,,,,0.12,0.093,115.0,46.0,9.0,,,,,,1982
2,15940,"Canton-Massillon, OH",21.5,4.7,76.0,19.0,0.13,0.104,115.0,54.0,14.0,,,,,,1982
3,17140,"Cincinnati, OH-KY-IN",13.7,7.7,98.0,34.0,0.13,0.097,438.0,96.0,15.0,,,,,,1982
4,17460,"Cleveland-Elyria, OH",19.6,9.2,,,0.13,0.102,208.0,71.0,19.0,,,,,,1982
5,18140,"Columbus, OH",19.0,8.9,80.0,20.0,0.13,0.094,175.0,69.0,10.0,,,,,,1982
6,19380,"Dayton, OH",11.0,7.1,87.0,27.0,0.16,0.115,,,,,,,,,1982
7,26580,"Huntington-Ashland, WV-KY-OH",17.0,9.5,,14.0,0.13,0.094,,,,,,,,,1982
8,39020,"Portsmouth, OH",,,,,,,75.0,44.0,10.0,,,,,,1982
9,41400,"Salem, OH",,,,,,,,,23.0,,,,,,1982
10,44220,"Springfield, OH",,,,,0.12,0.103,,,,,,,,,1982
11,45780,"Toledo, OH",12.8,6.9,,,0.13,0.101,195.0,82.0,12.0,,,,,,1982
12,48260,"Weirton-Steubenville, WV-OH",17.0,7.5,,19.0,0.11,0.08,300.0,100.0,23.0,,,,,,1982
13,48540,"Wheeling, WV-OH",16.9,12.2,58.0,17.0,0.12,0.083,312.0,204.0,20.0,,,,,,1982
14,48940,"Wilmington, OH",,,,,0.11,0.095,,,,,,,,,1982
15,49660,"Youngstown-Warren-Boardman, OH-PA",11.5,5.5,,,0.11,0.095,155.0,58.0,10.0,,,,,,1982
0,10420,"Akron, OH",15.0,8.2,,,0.13,0.109,218.0,54.0,15.0,,,,,,1983
1,11780,"Ashtabula, OH",,,,,0.15,0.099,190.0,56.0,7.0,,,,,,1983
2,15940,"Canton-Massillon, OH",9.8,5.4,,19.0,0.13,0.103,99.0,56.0,13.0,,,,,,1983
3,17140,"Cincinnati, OH-KY-IN",10.5,6.9,265.0,36.0,0.15,0.115,327.0,91.0,14.0,,,,,,1983
4,17460,"Cleveland-Elyria, OH",17.9,10.2,103.0,28.0,0.15,0.111,220.0,91.0,21.0,,,,,,1983
5,18140,"Columbus, OH",13.0,8.5,95.0,23.0,0.12,0.098,88.0,40.0,8.0,,,,,,1983
6,19380,"Dayton, OH",12.7,7.4,,23.0,0.13,0.105,75.0,36.0,9.0,,,,,,1983
7,26580,"Huntington-Ashland, WV-KY-OH",14.8,7.3,65.0,14.0,0.14,0.106,544.0,121.0,15.0,,,,,,1983
8,30620,"Lima, OH",,,,,0.11,0.09,47.0,18.0,,,,,,,1983
9,31930,"Marietta, OH",,,,,,,200.0,51.0,15.0,,,,,,1983
10,41400,"Salem, OH",,,,,,,150.0,56.0,14.0,,,,,,1983
11,44220,"Springfield, OH",,,,,0.13,0.108,,,,,,,,,1983
12,45780,"Toledo, OH",12.7,7.2,,,0.13,0.106,275.0,68.0,10.0,,,,,,1983
13,48260,"Weirton-Steubenville, WV-OH",14.0,6.5,75.0,21.0,0.13,0.076,370.0,154.0,35.0,,,,,,1983
14,48540,"Wheeling, WV-OH",13.6,7.8,59.0,16.0,0.11,0.09,383.0,90.0,18.0,,,,,,1983
15,49660,"Youngstown-Warren-Boardman, OH-PA",9.5,5.3,,25.0,0.13,0.098,100.0,46.0,11.0,,,,,,1983
0,10420,"Akron, OH",12.8,4.8,,,0.11,0.09,165.0,59.0,17.0,,,,,,1984
1,11780,"Ashtabula, OH",,,,,0.11,0.085,178.0,56.0,10.0,,,,,,1984
2,15940,"Canton-Massillon, OH",9.7,5.1,62.0,18.0,0.12,0.092,137.0,58.0,13.0,,,,,,1984
3,17140,"Cincinnati, OH-KY-IN",13.5,7.4,110.0,30.0,0.14,0.1,302.0,68.0,15.0,,,76.0,30.0,,1984
4,17460,"Cleveland-Elyria, OH",15.8,8.4,81.0,29.0,0.14,0.097,284.0,106.0,22.0,,,,,,1984
5,18140,"Columbus, OH",13.0,7.8,82.0,24.0,0.11,0.09,235.0,83.0,11.0,,,,,,1984
6,19380,"Dayton, OH",13.5,7.2,79.0,23.0,0.12,0.089,96.0,44.0,10.0,,,,,,1984
7,26580,"Huntington-Ashland, WV-KY-OH",17.3,8.1,111.0,16.0,0.13,0.096,517.0,108.0,21.0,,,,,,1984
8,30620,"Lima, OH",,,,,0.1,0.08,,,,,,,,,1984
9,31930,"Marietta, OH",,,,,,,225.0,61.0,15.0,,,,,,1984
10,41400,"Salem, OH",,,,,,,175.0,50.0,15.0,,,,,,1984
11,44220,"Springfield, OH",,,,,0.1,0.081,,,,,,,,,1984
12,45780,"Toledo, OH",18.8,11.3,,,0.11,0.078,95.0,33.0,8.0,,,,,,1984
13,48260,"Weirton-Steubenville, WV-OH",25.0,12.0,,20.0,,,444.0,117.0,36.0,,,,,,1984
14,48540,"Wheeling, WV-OH",17.1,8.7,57.0,16.0,0.09,0.081,239.0,71.0,16.0,,,,,,1984
15,49660,"Youngstown-Warren-Boardman, OH-PA",12.5,5.3,,28.0,0.1,0.087,79.0,46.0,8.0,,,,,,1984
0,10420,"Akron, OH",10.0,4.8,,,0.11,0.091,170.0,81.0,21.0,,,,,,1985
1,11780,"Ashtabula, OH",,,,,0.09,0.08,300.0,43.0,9.0,,,,,,1985
2,15940,"Canton-Massillon, OH",7.2,3.5,82.0,19.0,0.1,0.086,,,12.0,,,,,,1985
3,17140,"Cincinnati, OH-KY-IN",12.5,7.2,100.0,29.0,0.12,0.094,214.0,88.0,27.0,,,55.0,30.0,,1985
4,17460,"Cleveland-Elyria, OH",20.4,7.9,,30.0,0.12,0.093,290.0,99.0,18.0,,,,,,1985
5,18140,"Columbus, OH",10.0,5.9,,25.0,0.11,0.091,145.0,59.0,14.0,,,,,,1985
6,19380,"Dayton, OH",11.7,5.1,87.0,21.0,0.11,0.088,62.0,30.0,9.0,,,,,,1985
7,26580,"Huntington-Ashland, WV-KY-OH",10.4,5.7,56.0,17.0,0.14,0.096,373.0,96.0,20.0,,,,,,1985
8,30620,"Lima, OH",,,,,0.1,0.08,,,,,,,,,1985
9,31900,"Mansfield, OH",,,,,,,93.0,45.0,8.0,,,,,,1985
10,39020,"Portsmouth, OH",,,,,,,130.0,60.0,10.0,,,,,,1985
11,41400,"Salem, OH",,,,,,,260.0,74.0,17.0,,,,,,1985
12,44220,"Springfield, OH",,,,,0.11,0.084,,,,,,,,,1985
13,45780,"Toledo, OH",9.2,6.1,,,0.1,0.081,200.0,99.0,9.0,,,,,,1985
14,48260,"Weirton-Steubenville, WV-OH",,10.1,70.0,19.0,0.09,0.058,274.0,93.0,32.0,,,,,,1985
15,48540,"Wheeling, WV-OH",14.1,6.8,,17.0,0.11,0.084,220.0,58.0,18.0,,,,,,1985
16,49660,"Youngstown-Warren-Boardman, OH-PA",6.0,4.8,,,0.11,0.088,105.0,52.0,10.0,,,,,,1985
0,10420,"Akron, OH",7.5,4.5,,,0.11,0.092,170.0,59.0,18.0,,,74.0,34.0,,1986
1,11780,"Ashtabula, OH",,,,,0.1,0.081,241.0,48.0,8.0,,,,,,1986
2,13340,"Bellefontaine, OH",,,,,,,,,,,,,,,1986
3,15940,"Canton-Massillon, OH",5.2,3.2,,,0.11,0.085,105.0,48.0,11.0,,,,,,1986
4,17140,"Cincinnati, OH-KY-IN",16.0,6.1,85.0,29.0,0.13,0.097,345.0,76.0,15.0,,,67.0,30.0,,1986
5,17460,"Cleveland-Elyria, OH",13.0,10.1,75.0,27.0,0.12,0.094,233.0,87.0,18.0,,,,,,1986
6,18140,"Columbus, OH",9.0,5.4,,,0.11,0.088,95.0,39.0,10.0,,,,,,1986
7,19380,"Dayton, OH",11.6,7.0,,,0.13,0.094,68.0,30.0,8.0,,,,,,1986
8,26580,"Huntington-Ashland, WV-KY-OH",,5.9,115.0,16.0,0.14,0.085,397.0,119.0,21.0,,,106.0,48.0,,1986
9,30620,"Lima, OH",,,,,0.08,0.069,45.0,22.0,4.0,,,,,,1986
10,31900,"Mansfield, OH",,,,,,,77.0,32.0,7.0,,,,,,1986
11,35420,"New Philadelphia-Dover, OH",,,,,,,243.0,73.0,16.0,,,,,,1986
12,41400,"Salem, OH",,,,,,,245.0,76.0,16.0,,,118.0,42.0,,1986
13,44220,"Springfield, OH",,,,,0.12,0.089,68.0,29.0,7.0,,,,,,1986
14,45780,"Toledo, OH",14.5,5.8,,,0.12,0.086,145.0,48.0,8.0,,,85.0,39.0,,1986
15,48260,"Weirton-Steubenville, WV-OH",19.0,9.1,90.0,20.0,0.18,0.071,340.0,128.0,35.0,,,266.0,70.0,,1986
16,48540,"Wheeling, WV-OH",11.0,7.3,62.0,18.0,0.1,0.081,262.0,71.0,20.0,,,83.0,35.0,,1986
17,48940,"Wilmington, OH",,,,,0.12,0.09,,,,,,,,,1986
18,49660,"Youngstown-Warren-Boardman, OH-PA",6.5,4.3,,,0.12,0.085,103.0,53.0,10.0,,,82.0,37.0,,1986
0,10420,"Akron, OH",9.3,5.1,,,0.13,0.103,,,,,,,,,1987
1,11780,"Ashtabula, OH",,,,,0.13,0.094,,,,,,,,,1987
2,13340,"Bellefontaine, OH",,,,,,,,,,,,,,,1987
3,15940,"Canton-Massillon, OH",5.8,3.6,,,0.12,0.095,98.0,45.0,10.0,,,,,,1987
4,17140,"Cincinnati, OH-KY-IN",9.5,6.1,100.0,33.0,0.15,0.109,321.0,76.0,18.0,,,,,,1987
5,17460,"Cleveland-Elyria, OH",11.5,6.6,73.0,31.0,0.13,0.092,170.0,76.0,17.0,,,132.0,51.0,,1987
6,18140,"Columbus, OH",12.0,6.3,,,0.12,0.09,103.0,39.0,8.0,,,76.0,40.0,,1987
7,19380,"Dayton, OH",14.3,6.4,,,0.12,0.09,48.0,29.0,6.0,,,67.0,35.0,,1987
8,26580,"Huntington-Ashland, WV-KY-OH",8.9,4.5,133.0,16.0,0.14,0.1,560.0,147.0,27.0,,,,,,1987
9,30620,"Lima, OH",,,,,0.1,0.084,96.0,30.0,5.0,,,,,,1987
10,31900,"Mansfield, OH",,,,,,,91.0,35.0,9.0,,,,,,1987
11,35420,"New Philadelphia-Dover, OH",,,,,,,259.0,122.0,,,,,,,1987
12,39020,"Portsmouth, OH",,,,,,,125.0,72.0,13.0,,,,,,1987
13,41400,"Salem, OH",,,,,,,230.0,72.0,13.0,,,102.0,40.0,,1987
14,44220,"Springfield, OH",,,,,0.12,0.099,70.0,31.0,7.0,,,60.0,29.0,,1987
15,45780,"Toledo, OH",9.2,5.1,,,0.12,0.092,184.0,44.0,9.0,,,64.0,30.0,,1987
16,48260,"Weirton-Steubenville, WV-OH",47.0,30.3,87.0,20.0,0.1,0.079,341.0,157.0,33.0,,,191.0,69.0,,1987
17,48540,"Wheeling, WV-OH",13.6,6.0,58.0,19.0,0.12,0.089,341.0,83.0,21.0,,,,,,1987
18,48940,"Wilmington, OH",,,,,0.11,0.098,,,,,,,,,1987
19,49660,"Youngstown-Warren-Boardman, OH-PA",,3.7,,,0.12,0.1,113.0,43.0,10.0,,,,,,1987
0,10420,"Akron, OH",8.3,4.9,,,0.17,0.134,137.0,43.0,14.0,,,,,,1988
1,11780,"Ashtabula, OH",,,,,0.17,0.116,,,,,,,,,1988
2,13340,"Bellefontaine, OH",,,,,,,,,,,,,,,1988
3,15940,"Canton-Massillon, OH",6.5,3.3,,,0.15,0.126,91.0,39.0,11.0,,,85.0,35.0,,1988
4,17140,"Cincinnati, OH-KY-IN",7.5,4.6,115.0,30.0,0.17,0.13,286.0,61.0,18.0,,,124.0,41.0,,1988
5,17460,"Cleveland-Elyria, OH",13.8,7.0,105.0,31.0,0.16,0.127,229.0,69.0,18.0,,,,,,1988
6,18140,"Columbus, OH",11.0,6.5,42.0,11.0,0.15,0.117,117.0,40.0,8.0,,,75.0,35.0,,1988
7,19380,"Dayton, OH",8.2,4.5,,,0.12,0.11,52.0,25.0,5.0,,,76.0,34.0,,1988
8,23380,"Fremont, OH",,,,,0.1,0.087,,,,,,,,,1988
9,26580,"Huntington-Ashland, WV-KY-OH",8.0,3.9,69.0,16.0,0.17,0.115,581.0,168.0,24.0,,,106.0,43.0,,1988
10,30620,"Lima, OH",,,,,0.11,0.088,,,,,,,,,1988
11,41400,"Salem, OH",,,,,,,275.0,120.0,18.0,,,,,,1988
12,44220,"Springfield, OH",,,,,0.14,0.116,60.0,26.0,6.0,,,,,,1988
13,45780,"Toledo, OH",8.3,4.7,,,0.16,0.124,150.0,44.0,9.0,,,,,,1988
14,48260,"Weirton-Steubenville, WV-OH",39.0,19.6,75.0,21.0,0.12,0.108,474.0,125.0,39.0,,,140.0,47.0,,1988
15,48540,"Wheeling, WV-OH",7.5,4.4,57.0,18.0,0.12,0.103,299.0,77.0,25.0,,,85.0,32.0,,1988
16,48940,"Wilmington, OH",,,,,0.12,0.103,,,,,,,,,1988
17,49660,"Youngstown-Warren-Boardman, OH-PA",,,,,0.14,0.118,110.0,54.0,10.0,,,,,,1988
0,10420,"Akron, OH",10.6,7.0,,,0.14,0.104,136.0,54.0,15.0,,,,,,1989
1,11780,"Ashtabula, OH",,,,,0.11,0.095,102.0,33.0,8.0,,,,,,1989
2,13340,"Bellefontaine, OH",,,,,,,,,,,,,,,1989
3,15940,"Canton-Massillon, OH",6.7,4.8,,,0.12,0.092,96.0,41.0,12.0,,,88.0,37.0,,1989
4,17140,"Cincinnati, OH-KY-IN",10.0,5.3,93.0,30.0,0.12,0.1,287.0,84.0,13.0,,,116.0,46.0,,1989
5,17460,"Cleveland-Elyria, OH",23.7,8.2,98.0,34.0,0.12,0.096,223.0,61.0,18.0,,,114.0,52.0,,1989
6,18140,"Columbus, OH",10.0,6.9,46.0,11.0,0.11,0.095,114.0,41.0,10.0,,,90.0,40.0,,1989
7,19380,"Dayton, OH",10.3,5.8,,,0.11,0.092,46.0,26.0,7.0,,,78.0,35.0,,1989
8,26580,"Huntington-Ashland, WV-KY-OH",9.0,5.5,95.0,13.0,0.12,0.097,325.0,124.0,19.0,,,107.0,42.0,,1989
9,30620,"Lima, OH",,,,,0.1,0.087,63.0,33.0,6.0,,,,,,1989
10,34540,"Mount Vernon, OH",,,,,0.1,0.083,,,,,,,,,1989
11,39020,"Portsmouth, OH",,,,,,,,,,,,98.0,38.0,,1989
12,41400,"Salem, OH",,,,,,,210.0,50.0,22.0,,,93.0,42.0,,1989
13,44220,"Springfield, OH",,,,,0.15,0.097,73.0,35.0,5.0,,,,,,1989
14,45780,"Toledo, OH",7.8,4.5,,,0.11,0.091,138.0,50.0,8.0,,,60.0,29.0,,1989
15,48260,"Weirton-Steubenville, WV-OH",40.0,13.3,103.0,23.0,0.11,0.083,451.0,128.0,35.0,,,210.0,50.0,,1989
16,48540,"Wheeling, WV-OH",8.4,5.2,,19.0,0.11,0.084,332.0,76.0,26.0,,,74.0,34.0,,1989
17,48940,"Wilmington, OH",,,,,0.11,0.091,,,,,,,,,1989
18,49660,"Youngstown-Warren-Boardman, OH-PA",,,,,0.11,0.092,110.0,43.0,11.0,,,95.0,36.0,,1989
0,10420,"Akron, OH",10.6,5.7,,,0.11,0.091,161.0,61.0,15.0,,,62.0,28.0,,1990
1,11780,"Ashtabula, OH",,,,,0.11,0.084,95.0,26.0,6.0,,,,,,1990
2,13340,"Bellefontaine, OH",,,,,0.11,0.091,,,,,,,,,1990
3,15940,"Canton-Massillon, OH",5.1,2.9,,,0.11,0.088,87.0,37.0,11.0,,,72.0,35.0,,1990
4,17140,"Cincinnati, OH-KY-IN",7.4,4.8,88.0,28.0,0.15,0.104,303.0,75.0,17.0,,,91.0,35.0,,1990
5,17460,"Cleveland-Elyria, OH",8.8,5.3,86.0,29.0,0.12,0.089,196.0,80.0,17.0,,,122.0,48.0,,1990
6,18140,"Columbus, OH",12.0,4.8,41.0,11.0,0.11,0.089,92.0,38.0,7.0,,,91.0,35.0,,1990
7,19380,"Dayton, OH",9.4,3.8,,,0.11,0.086,49.0,22.0,6.0,,,72.0,29.0,,1990
8,26580,"Huntington-Ashland, WV-KY-OH",8.3,4.7,,16.0,0.14,0.101,398.0,126.0,18.0,,,117.0,36.0,,1990
9,30620,"Lima, OH",,,,,0.1,0.084,44.0,26.0,5.0,,,,,,1990
10,34540,"Mount Vernon, OH",,,,,0.1,0.085,,,,,,,,,1990
11,35420,"New Philadelphia-Dover, OH",,,,,,,183.0,65.0,15.0,,,,,,1990
12,35940,"Norwalk, OH",,,,,0.09,0.081,,,,,,,,,1990
13,39020,"Portsmouth, OH",,,,,,,114.0,45.0,7.0,,,86.0,36.0,,1990
14,41400,"Salem, OH",,,,,,,250.0,67.0,22.0,,,78.0,36.0,,1990
15,44220,"Springfield, OH",,,,,0.12,0.094,60.0,24.0,6.0,,,,,,1990
16,45780,"Toledo, OH",7.7,5.9,,,0.1,0.083,101.0,35.0,7.0,,,58.0,26.0,,1990
17,48260,"Weirton-Steubenville, WV-OH",40.0,20.5,67.0,20.0,0.09,0.075,486.0,131.0,39.0,,,135.0,43.0,,1990
18,48540,"Wheeling, WV-OH",11.9,7.1,,,0.11,0.08,190.0,66.0,16.0,,,95.0,30.0,,1990
19,48940,"Wilmington, OH",,,,,0.11,0.094,,,,,,,,,1990
20,49660,"Youngstown-Warren-Boardman, OH-PA",,,,,0.1,0.087,100.0,40.0,10.0,,,85.0,33.0,,1990
0,10420,"Akron, OH",7.2,3.3,,,0.13,0.102,183.0,52.0,15.0,,,59.0,30.0,,1991
1,11780,"Ashtabula, OH",,,,,0.12,0.097,112.0,38.0,8.0,,,,,,1991
2,13340,"Bellefontaine, OH",,,,,0.12,0.098,,,,,,,,,1991
3,15940,"Canton-Massillon, OH",5.5,2.5,,,0.12,0.097,85.0,37.0,10.0,,,62.0,34.0,,1991
4,17140,"Cincinnati, OH-KY-IN",6.3,4.9,51.0,30.0,0.14,0.106,275.0,55.0,16.0,,,87.0,35.0,,1991
5,17460,"Cleveland-Elyria, OH",9.1,5.7,86.0,29.0,0.13,0.1,243.0,64.0,15.0,,,109.0,48.0,,1991
6,18140,"Columbus, OH",15.0,6.5,,12.0,0.12,0.101,67.0,33.0,8.0,,,79.0,33.0,,1991
7,19380,"Dayton, OH",7.3,3.9,,,0.12,0.094,37.0,21.0,4.0,,,61.0,30.0,,1991
8,23380,"Fremont, OH",,,,,,,,,,,,71.0,29.0,,1991
9,26580,"Huntington-Ashland, WV-KY-OH",,5.3,86.0,14.0,0.14,0.11,307.0,73.0,17.0,,,63.0,35.0,,1991
10,30620,"Lima, OH",,,,,0.1,0.09,53.0,21.0,5.0,,,,,,1991
11,31930,"Marietta, OH",,,,,0.12,0.102,,,,,,,,,1991
12,34540,"Mount Vernon, OH",,,,,0.1,0.09,,,,,,,,,1991
13,35420,"New Philadelphia-Dover, OH",,,,,,,232.0,59.0,14.0,,,,,,1991
14,38840,"Port Clinton, OH",,,,,,,,,,,,51.0,26.0,,1991
15,39020,"Portsmouth, OH",,,,,,,130.0,38.0,6.0,,,118.0,32.0,,1991
16,41400,"Salem, OH",,,,,,,250.0,61.0,22.0,,,94.0,39.0,,1991
17,44220,"Springfield, OH",,,,,0.12,0.096,55.0,23.0,5.0,,,,,,1991
18,45780,"Toledo, OH",7.3,4.1,,,0.12,0.088,117.0,22.0,7.0,,,62.0,26.0,,1991
19,48260,"Weirton-Steubenville, WV-OH",29.0,13.9,74.0,21.0,0.12,0.097,357.0,110.0,34.0,,,130.0,44.0,,1991
20,48540,"Wheeling, WV-OH",8.9,5.6,,,0.11,0.089,236.0,69.0,26.0,,,68.0,34.0,,1991
21,48940,"Wilmington, OH",,,,,0.12,0.103,,,,,,,,,1991
22,49660,"Youngstown-Warren-Boardman, OH-PA",3.5,2.0,,,0.12,0.101,95.0,35.0,10.0,,,85.0,36.0,,1991
0,10420,"Akron, OH",9.4,4.9,,,0.11,0.087,181.0,64.0,13.0,,,62.0,28.0,,1992
1,11780,"Ashtabula, OH",,,,,0.11,0.086,106.0,37.0,7.0,,,,,,1992
2,11900,"Athens, OH",,,,,,,,,,,,51.0,22.0,,1992
3,13340,"Bellefontaine, OH",,,,,0.12,0.089,,,,,,,,,1992
4,15940,"Canton-Massillon, OH",6.9,3.1,,,0.1,0.088,104.0,40.0,10.0,,,72.0,30.0,,1992
5,17140,"Cincinnati, OH-KY-IN",11.3,4.9,72.0,26.0,0.1,0.081,275.0,55.0,15.0,,,82.0,36.0,,1992
6,17460,"Cleveland-Elyria, OH",16.5,6.6,75.0,29.0,0.11,0.089,209.0,65.0,14.0,,,79.0,36.0,,1992
7,18140,"Columbus, OH",13.0,5.8,,12.0,0.1,0.09,90.0,30.0,6.0,,,79.0,29.0,,1992
8,19380,"Dayton, OH",11.0,4.4,,,0.1,0.071,49.0,20.0,5.0,,,60.0,28.0,,1992
9,23380,"Fremont, OH",,,,,,,,,,,,75.0,26.0,,1992
10,26580,"Huntington-Ashland, WV-KY-OH",4.1,2.6,99.0,12.0,0.11,0.082,278.0,79.0,13.0,,,74.0,32.0,,1992
11,27160,"Jackson, OH",,,,,,,,,,,,56.0,27.0,,1992
12,30620,"Lima, OH",,,,,0.1,0.082,52.0,20.0,4.0,,,,,,1992
13,31900,"Mansfield, OH",,,,,,,,,,,,68.0,26.0,,1992
14,31930,"Marietta, OH",,,,,0.22,0.086,,,,,,,,,1992
15,34540,"Mount Vernon, OH",,,,,0.11,0.085,,,,,,,,,1992
16,35420,"New Philadelphia-Dover, OH",,,,,,,170.0,61.0,10.0,,,,,,1992
17,38840,"Port Clinton, OH",,,,,,,,,,,,36.0,23.0,,1992
18,39020,"Portsmouth, OH",,,,,,,133.0,28.0,5.0,,,71.0,33.0,,1992
19,41400,"Salem, OH",,,69.0,20.0,,,269.0,73.0,14.0,,,92.0,38.0,,1992
20,44220,"Springfield, OH",,,,,0.1,0.082,67.0,20.0,4.0,,,,,,1992
21,45780,"Toledo, OH",7.3,4.2,,,0.09,0.08,95.0,29.0,6.0,,,53.0,28.0,,1992
22,48260,"Weirton-Steubenville, WV-OH",22.0,7.1,71.0,19.0,0.09,0.077,353.0,98.0,24.0,,,128.0,40.0,,1992
23,48540,"Wheeling, WV-OH",10.4,5.6,,,0.1,0.075,286.0,90.0,20.0,,,67.0,31.0,,1992
24,48940,"Wilmington, OH",,,,,0.09,0.081,,,,,,,,,1992
25,49660,"Youngstown-Warren-Boardman, OH-PA",3.5,2.0,,,0.11,0.095,108.0,39.0,11.0,,,74.0,28.0,,1992
0,10420,"Akron, OH",5.3,4.3,,,0.11,0.095,209.0,56.0,15.0,,,69.0,27.0,,1993
1,11780,"Ashtabula, OH",,,,,0.11,0.086,109.0,35.0,8.0,,,,,,1993
2,11900,"Athens, OH",,,,,,,,,,,,47.0,21.0,,1993
3,13340,"Bellefontaine, OH",,,,,0.1,0.081,,,,,,,,,1993
4,15940,"Canton-Massillon, OH",4.5,3.2,,,0.11,0.095,105.0,46.0,10.0,,,66.0,29.0,,1993
5,17140,"Cincinnati, OH-KY-IN",7.0,4.8,75.0,26.0,0.12,0.096,249.0,65.0,14.0,,,90.0,35.0,,1993
6,17460,"Cleveland-Elyria, OH",25.0,10.2,81.0,28.0,0.12,0.094,213.0,72.0,14.0,,,154.0,49.0,,1993
7,18140,"Columbus, OH",8.3,5.3,42.0,13.0,0.11,0.086,97.0,34.0,7.0,,,74.0,28.0,,1993
8,19380,"Dayton, OH",6.8,4.0,,,0.12,0.094,73.0,35.0,6.0,,,60.0,27.0,,1993
9,22300,"Findlay, OH",,,,,,,,,,,,44.0,29.0,,1993
10,23380,"Fremont, OH",,,,,,,,,,,,84.0,31.0,,1993
11,26580,"Huntington-Ashland, WV-KY-OH",6.6,3.8,,,0.12,0.099,323.0,93.0,14.0,,,79.0,33.0,,1993
12,27160,"Jackson, OH",,,,,,,,,,,,46.0,25.0,,1993
13,30620,"Lima, OH",,,,,0.1,0.09,60.0,23.0,5.0,,,46.0,27.0,,1993
14,31930,"Marietta, OH",,,,,0.12,0.101,,,,,,,,,1993
15,34540,"Mount Vernon, OH",,,,,0.11,0.096,,,,,,,,,1993
16,35420,"New Philadelphia-Dover, OH",,,,,0.1,0.079,,,14.0,,,72.0,27.0,,1993
17,38840,"Port Clinton, OH",,,,,,,,,,,,49.0,23.0,,1993
18,39020,"Portsmouth, OH",,,,,,,102.0,47.0,6.0,,,95.0,34.0,,1993
19,41400,"Salem, OH",,,123.0,24.0,,,241.0,91.0,12.0,,,84.0,36.0,,1993
20,44220,"Springfield, OH",,,,,0.11,0.083,59.0,28.0,5.0,,,,,,1993
21,45780,"Toledo, OH",,3.5,,,0.12,0.089,86.0,31.0,7.0,,,66.0,27.0,,1993
22,48260,"Weirton-Steubenville, WV-OH",24.6,9.4,57.0,17.0,0.11,0.081,657.0,244.0,43.0,,,136.0,40.0,,1993
23,48540,"Wheeling, WV-OH",7.7,4.1,,,0.11,0.077,326.0,98.0,19.0,,,75.0,29.0,,1993
24,48940,"Wilmington, OH",,,,,0.11,0.088,,,,,,,,,1993
25,49660,"Youngstown-Warren-Boardman, OH-PA",2.7,1.9,,,0.12,0.087,108.0,36.0,9.0,,,72.0,29.0,,1993
0,10420,"Akron, OH",10.5,7.3,,,0.1,0.086,132.0,42.0,12.0,,,79.0,28.0,,1994
1,11780,"Ashtabula, OH",,,,,0.11,0.085,115.0,45.0,7.0,,,,,,1994
2,11900,"Athens, OH",,,,,,,,,,,,56.0,20.0,,1994
3,13340,"Bellefontaine, OH",,,,,0.11,0.094,,,,,,,,,1994
4,15940,"Canton-Massillon, OH",9.7,5.2,,,0.1,0.086,104.0,52.0,9.0,,,61.0,32.0,,1994
5,17140,"Cincinnati, OH-KY-IN",7.1,4.7,75.0,27.0,0.13,0.103,237.0,52.0,9.0,,,87.0,34.0,,1994
6,17460,"Cleveland-Elyria, OH",20.5,7.7,81.0,28.0,0.13,0.097,225.0,81.0,14.0,,,143.0,61.0,,1994
7,18140,"Columbus, OH",9.1,5.1,,,0.11,0.093,90.0,41.0,6.0,,,78.0,28.0,,1994
8,19380,"Dayton, OH",8.8,4.4,,,0.12,0.094,71.0,30.0,6.0,,,61.0,27.0,,1994
9,22300,"Findlay, OH",,,,,,,,,,,,44.0,29.0,,1994
10,23380,"Fremont, OH",,,,,,,,,,,,79.0,28.0,,1994
11,26580,"Huntington-Ashland, WV-KY-OH",8.1,5.2,74.0,17.0,0.13,0.097,216.0,57.0,13.0,,,109.0,32.0,,1994
12,30620,"Lima, OH",,,,,0.1,0.089,68.0,37.0,4.0,,,46.0,30.0,,1994
13,31900,"Mansfield, OH",,,,,,,,,,,,58.0,29.0,,1994
14,31930,"Marietta, OH",,,,,0.11,0.095,,,,,,,,,1994
15,34540,"Mount Vernon, OH",,,,,0.11,0.087,,,,,,,,,1994
16,35420,"New Philadelphia-Dover, OH",,,,,0.1,0.084,181.0,62.0,13.0,,,,,,1994
17,39020,"Portsmouth, OH",,0.6,,,,,119.0,56.0,6.0,,,92.0,35.0,,1994
18,41400,"Salem, OH",,,123.0,17.0,,,206.0,64.0,13.0,,,110.0,39.0,,1994
19,44220,"Springfield, OH",,,,,0.11,0.096,66.0,34.0,7.0,,,,,,1994
20,45660,"Tiffin, OH",,,,,,,,,,,,96.0,29.0,,1994
21,45780,"Toledo, OH",10.0,4.4,,,0.12,0.091,105.0,56.0,7.0,,,65.0,26.0,,1994
22,48260,"Weirton-Steubenville, WV-OH",39.5,17.1,62.0,20.0,0.11,0.083,864.0,228.0,35.0,,,187.0,42.0,,1994
23,48540,"Wheeling, WV-OH",8.1,4.6,,,0.1,0.078,206.0,62.0,13.0,,,69.0,31.0,,1994
24,48940,"Wilmington, OH",,,,,0.11,0.096,,,,,,,,,1994
25,49660,"Youngstown-Warren-Boardman, OH-PA",4.5,2.8,,,0.11,0.09,106.0,47.0,9.0,,,68.0,30.0,,1994
0,10420,"Akron, OH",6.5,3.7,,,0.12,0.092,123.0,46.0,9.0,,,70.0,26.0,,1995
1,11780,"Ashtabula, OH",,,,,0.1,0.092,52.0,19.0,4.0,,,,,,1995
2,11900,"Athens, OH",,,,,,,,,,,,46.0,20.0,,1995
3,13340,"Bellefontaine, OH",,,,,0.11,0.087,,,,,,,,,1995
4,15940,"Canton-Massillon, OH",5.9,3.0,,,0.12,0.098,64.0,33.0,6.0,,,66.0,31.0,,1995
5,17140,"Cincinnati, OH-KY-IN",8.6,4.0,89.0,24.0,0.13,0.101,131.0,27.0,7.0,,,99.0,39.0,,1995
6,17460,"Cleveland-Elyria, OH",21.8,8.2,85.0,27.0,0.12,0.104,162.0,50.0,11.0,,,173.0,52.0,,1995
7,18140,"Columbus, OH",7.9,4.9,,,0.12,0.093,42.0,20.0,4.0,,,77.0,33.0,,1995
8,19380,"Dayton, OH",6.4,3.7,,,0.11,0.089,32.0,15.0,4.0,,,64.0,28.0,,1995
9,22300,"Findlay, OH",,,,,,,,,,,,44.0,26.0,,1995
10,23380,"Fremont, OH",,,,,,,,,,,,74.0,29.0,,1995
11,26580,"Huntington-Ashland, WV-KY-OH",5.2,3.8,66.0,16.0,0.12,0.092,205.0,58.0,12.0,,,79.0,38.0,,1995
12,30620,"Lima, OH",,,,,0.11,0.092,27.0,15.0,3.0,,,47.0,28.0,,1995
13,31900,"Mansfield, OH",,,,,,,,,,,,61.0,25.0,,1995
14,31930,"Marietta, OH",,,,,0.11,0.098,,,,,,,,,1995
15,34540,"Mount Vernon, OH",,,,,0.1,0.089,,,,,,,,,1995
16,35420,"New Philadelphia-Dover, OH",,,,,,,137.0,50.0,10.0,,,,,,1995
17,38840,"Port Clinton, OH",,,,,,,,,,,,45.0,25.0,,1995
18,39020,"Portsmouth, OH",0.8,0.5,,8.0,,,41.0,22.0,4.0,,,65.0,29.0,,1995
19,41400,"Salem, OH",,,70.0,20.0,,,121.0,40.0,12.0,,,88.0,36.0,,1995
20,44220,"Springfield, OH",,,,,0.12,0.093,40.0,17.0,4.0,,,,,,1995
21,45780,"Toledo, OH",5.9,3.1,,,0.11,0.091,74.0,25.0,4.0,,,68.0,25.0,,1995
22,48260,"Weirton-Steubenville, WV-OH",14.3,6.7,67.0,20.0,0.12,0.097,413.0,131.0,13.0,,,160.0,40.0,,1995
23,48540,"Wheeling, WV-OH",10.3,5.0,,,0.1,0.089,278.0,75.0,14.0,,,78.0,30.0,,1995
24,48940,"Wilmington, OH",,,,,0.12,0.099,,,,,,,,,1995
25,49660,"Youngstown-Warren-Boardman, OH-PA",,,,,0.11,0.099,81.0,36.0,8.0,,,130.0,33.0,,1995
0,10420,"Akron, OH",7.1,3.4,,,0.11,0.091,133.0,43.0,10.0,,,47.0,25.0,,1996
1,11780,"Ashtabula, OH",,,,,0.11,0.075,,,,,,,,,1996
2,11900,"Athens, OH",,,,,,,,,,,,47.0,19.0,,1996
3,13340,"Bellefontaine, OH",,,,,0.1,0.085,,,,,,,,,1996
4,15940,"Canton-Massillon, OH",4.1,2.5,,,0.1,0.087,69.0,32.0,6.0,,,68.0,28.0,,1996
5,17140,"Cincinnati, OH-KY-IN",6.0,3.3,79.0,28.0,0.12,0.095,206.0,45.0,11.0,,,78.0,32.0,,1996
6,17460,"Cleveland-Elyria, OH",15.0,9.4,75.0,26.0,0.12,0.1,165.0,49.0,11.0,,,123.0,41.0,,1996
7,18140,"Columbus, OH",5.0,2.7,,,0.11,0.092,50.0,21.0,4.0,,,66.0,28.0,,1996
8,19380,"Dayton, OH",5.1,3.0,,,0.11,0.098,43.0,22.0,4.0,,,66.0,25.0,,1996
9,22300,"Findlay, OH",,,,,,,,,,,,42.0,23.0,,1996
10,23380,"Fremont, OH",,,,,,,,,,,,79.0,28.0,,1996
11,26580,"Huntington-Ashland, WV-KY-OH",5.6,3.7,61.0,13.0,0.12,0.086,159.0,57.0,12.0,,,86.0,37.0,,1996
12,30620,"Lima, OH",,,,,0.11,0.092,45.0,15.0,3.0,,,,,,1996
13,31900,"Mansfield, OH",,,,,,,,,,,,68.0,24.0,,1996
14,31930,"Marietta, OH",,,,,0.11,0.087,,,,,,,,,1996
15,34540,"Mount Vernon, OH",,,,,0.11,0.096,,,,,,,,,1996
16,35420,"New Philadelphia-Dover, OH",,,,,,,105.0,35.0,6.0,,,,,,1996
17,38840,"Port Clinton, OH",,,,,,,,,,,,38.0,24.0,,1996
18,39020,"Portsmouth, OH",,,,,,,40.0,23.0,4.0,,,60.0,28.0,,1996
19,41400,"Salem, OH",,,66.0,19.0,,,141.0,57.0,12.0,,,86.0,32.0,,1996
20,44220,"Springfield, OH",,,,,0.12,0.1,49.0,31.0,5.0,,,,,,1996
21,45780,"Toledo, OH",4.1,2.6,,,0.11,0.093,112.0,48.0,4.0,,,69.0,22.0,,1996
22,48260,"Weirton-Steubenville, WV-OH",14.1,6.2,61.0,20.0,0.1,0.082,197.0,66.0,14.0,,,169.0,37.0,,1996
23,48540,"Wheeling, WV-OH",5.8,3.5,,,0.11,0.087,241.0,72.0,15.0,,,86.0,28.0,,1996
24,48940,"Wilmington, OH",,,,,0.12,0.097,,,,,,,,,1996
25,49660,"Youngstown-Warren-Boardman, OH-PA",,,,,0.11,0.091,93.0,31.0,8.0,,,47.0,27.0,,1996
0,10420,"Akron, OH",6.5,3.2,,,0.11,0.09,155.0,72.0,12.0,,,62.0,24.0,,1997
1,11780,"Ashtabula, OH",,,,,0.1,0.09,96.0,29.0,6.0,,,,,,1997
2,11900,"Athens, OH",,,,,,,,,,,,37.0,19.0,,1997
3,13340,"Bellefontaine, OH",,,,,0.1,0.087,,,,,,,,,1997
4,15940,"Canton-Massillon, OH",4.2,2.5,,,0.1,0.084,58.0,25.0,6.0,,,56.0,28.0,,1997
5,17140,"Cincinnati, OH-KY-IN",4.6,3.1,80.0,28.0,0.12,0.094,226.0,45.0,10.0,,,78.0,35.0,,1997
6,17460,"Cleveland-Elyria, OH",9.5,6.1,103.0,28.0,0.12,0.094,189.0,57.0,10.0,,,133.0,44.0,,1997
7,18140,"Columbus, OH",5.7,2.9,,,0.11,0.092,58.0,25.0,5.0,,,73.0,31.0,,1997
8,19380,"Dayton, OH",5.7,4.0,,,0.11,0.091,54.0,32.0,6.0,,,50.0,24.0,,1997
9,23380,"Fremont, OH",,,,,,,,,,,,103.0,28.0,,1997
10,26580,"Huntington-Ashland, WV-KY-OH",5.9,3.8,76.0,14.0,0.12,0.086,142.0,46.0,12.0,,,94.0,39.0,,1997
11,30620,"Lima, OH",,,,,0.09,0.083,31.0,16.0,3.0,,,48.0,24.0,,1997
12,31930,"Marietta, OH",,,,,0.11,0.084,,,,,,88.0,28.0,,1997
13,34540,"Mount Vernon, OH",,,,,0.1,0.088,,,,,,,,,1997
14,35420,"New Philadelphia-Dover, OH",,,,,,,152.0,37.0,7.0,,,,,,1997
15,38840,"Port Clinton, OH",,,,,,,,,,,,51.0,23.0,,1997
16,39020,"Portsmouth, OH",,,,,,,47.0,26.0,4.0,,,63.0,28.0,,1997
17,41400,"Salem, OH",,,,15.0,,,133.0,48.0,10.0,,,,,,1997
18,44220,"Springfield, OH",,,,,0.11,0.091,48.0,22.0,5.0,,,,,,1997
19,45660,"Tiffin, OH",,,,,,,,,,,,61.0,24.0,,1997
20,45780,"Toledo, OH",3.3,1.9,,,0.11,0.085,,,,,,76.0,23.0,,1997
21,48260,"Weirton-Steubenville, WV-OH",26.6,8.8,,15.0,0.1,0.083,261.0,61.0,17.0,,,112.0,32.0,,1997
22,48540,"Wheeling, WV-OH",6.1,3.1,,,0.11,0.082,309.0,61.0,15.0,,,51.0,25.0,,1997
23,48940,"Wilmington, OH",,,,,0.11,0.095,,,,,,,,,1997
24,49660,"Youngstown-Warren-Boardman, OH-PA",,,,,0.11,0.092,102.0,32.0,7.0,,,55.0,28.0,,1997
0,10420,"Akron, OH",5.1,3.0,,,0.11,0.097,143.0,44.0,10.0,,,70.0,24.0,,1998
1,11780,"Ashtabula, OH",,,,,0.12,0.096,68.0,20.0,5.0,,,,,,1998
2,11900,"Athens, OH",,,,,,,,,,,,39.0,17.0,,1998
3,13340,"Bellefontaine, OH",,,,,0.1,0.082,,,,,,,,,1998
4,15940,"Canton-Massillon, OH",5.5,3.5,,,0.12,0.098,71.0,29.0,7.0,,,58.0,26.0,,1998
5,17140,"Cincinnati, OH-KY-IN",5.8,4.4,93.0,29.0,0.12,0.099,161.0,40.0,10.0,,,84.0,36.0,,1998
6,17460,"Cleveland-Elyria, OH",9.3,6.4,80.0,27.0,0.12,0.1,165.0,57.0,11.0,,,117.0,45.0,,1998
7,18140,"Columbus, OH",7.9,3.7,,,0.12,0.102,56.0,19.0,5.0,,,83.0,34.0,,1998
8,19380,"Dayton, OH",5.5,3.4,,,0.12,0.097,47.0,23.0,5.0,,,61.0,28.0,,1998
9,22300,"Findlay, OH",,,,,,,,,,,,44.0,23.0,,1998
10,23380,"Fremont, OH",,,,,,,,,,,,72.0,30.0,,1998
11,26580,"Huntington-Ashland, WV-KY-OH",21.5,7.2,,,0.14,0.105,71.0,38.0,9.0,,,92.0,36.0,,1998
12,30620,"Lima, OH",,,,,0.1,0.089,36.0,17.0,3.0,,,46.0,24.0,,1998
13,31900,"Mansfield, OH",,,,,,,,,,,,66.0,24.0,,1998
14,31930,"Marietta, OH",,,,,0.12,0.091,,,,,,68.0,28.0,,1998
15,34540,"Mount Vernon, OH",,,,,0.1,0.091,,,,,,,,,1998
16,35420,"New Philadelphia-Dover, OH",,,,,,,153.0,49.0,8.0,,,,,,1998
17,39020,"Portsmouth, OH",,,,,,,45.0,14.0,4.0,,,54.0,29.0,,1998
18,41400,"Salem, OH",,,,,,,155.0,37.0,8.0,,,88.0,39.0,,1998
19,44220,"Springfield, OH",,,,,0.13,0.1,39.0,16.0,4.0,,,,,,1998
20,45780,"Toledo, OH",3.0,2.1,,,0.11,0.09,47.0,21.0,4.0,,,,,,1998
21,48260,"Weirton-Steubenville, WV-OH",24.6,13.2,,,0.1,0.088,244.0,67.0,16.0,,,118.0,34.0,,1998
22,48540,"Wheeling, WV-OH",6.2,3.5,,,0.1,0.087,290.0,61.0,15.0,,,56.0,26.0,,1998
23,48940,"Wilmington, OH",,,,,0.12,0.103,,,,,,,,,1998
24,49660,"Youngstown-Warren-Boardman, OH-PA",,,,,0.12,0.106,79.0,29.0,7.0,,,63.0,28.0,,1998
0,10420,"Akron, OH",4.7,3.1,,,0.12,0.098,158.0,65.0,11.0,42.0,18.0,68.0,22.0,,1999
1,11780,"Ashtabula, OH",,,,,0.1,0.09,86.0,19.0,5.0,,,,,,1999
2,11900,"Athens, OH",,,,,,,,,,,,38.0,20.0,,1999
3,13340,"Bellefontaine, OH",,,,,0.1,0.083,,,,,,,,,1999
4,15940,"Canton-Massillon, OH",4.5,2.3,,,0.11,0.091,62.0,28.0,7.0,42.0,18.4,57.0,24.0,,1999
5,17140,"Cincinnati, OH-KY-IN",4.9,3.0,68.0,22.0,0.12,0.096,134.0,30.0,8.0,,,85.0,31.0,,1999
6,17460,"Cleveland-Elyria, OH",6.8,3.9,68.0,25.0,0.12,0.103,201.0,62.0,11.0,38.0,15.3,106.0,42.0,,1999
7,18140,"Columbus, OH",4.5,2.5,,,0.14,0.103,44.0,15.0,4.0,40.0,17.7,76.0,27.0,,1999
8,19380,"Dayton, OH",4.1,2.8,,,0.13,0.096,41.0,18.0,5.0,,,49.0,24.0,,1999
9,23380,"Fremont, OH",,,,,,,,,,,,69.0,26.0,,1999
10,26580,"Huntington-Ashland, WV-KY-OH",,2.7,59.0,16.0,0.12,0.097,129.0,52.0,12.0,43.0,18.4,89.0,40.0,,1999
11,30620,"Lima, OH",,,,,0.11,0.093,28.0,13.0,3.0,,,32.0,17.0,,1999
12,31900,"Mansfield, OH",,,,,,,,,,,,53.0,23.0,,1999
13,31930,"Marietta, OH",,,,,0.12,0.097,,,,,,72.0,29.0,,1999
14,34540,"Mount Vernon, OH",,,,,0.11,0.094,,,,,,,,,1999
15,35420,"New Philadelphia-Dover, OH",,,,,,,119.0,28.0,6.0,,,,,,1999
16,38840,"Port Clinton, OH",,,,,,,,,,,,62.0,25.0,,1999
17,39020,"Portsmouth, OH",,,,,,,68.0,32.0,7.0,,,64.0,32.0,,1999
18,44220,"Springfield, OH",,,,,0.11,0.092,39.0,17.0,4.0,,,,,,1999
19,45780,"Toledo, OH",,3.2,,,0.13,0.091,55.0,18.0,4.0,,,56.0,22.0,,1999
20,48260,"Weirton-Steubenville, WV-OH",9.8,4.5,,,0.11,0.091,256.0,65.0,15.0,48.0,18.2,97.0,35.0,,1999
21,48540,"Wheeling, WV-OH",5.3,3.0,,,0.1,0.088,284.0,60.0,15.0,37.0,17.1,69.0,26.0,,1999
22,48940,"Wilmington, OH",,,,,0.11,0.097,,,,,,,,,1999
23,49660,"Youngstown-Warren-Boardman, OH-PA",,,,,0.11,0.095,81.0,29.0,8.0,39.0,16.9,63.0,26.0,,1999
0,10420,"Akron, OH",5.6,2.6,,,0.11,0.085,163.0,44.0,9.0,37.0,16.3,52.0,22.0,,2000
1,11780,"Ashtabula, OH",,,,,0.11,0.082,50.0,21.0,5.0,,,,,,2000
2,13340,"Bellefontaine, OH",,,,,,,,,,,,,,,2000
3,15940,"Canton-Massillon, OH",3.3,2.6,,,0.1,0.087,126.0,28.0,8.0,40.0,18.6,49.0,24.0,,2000
4,17140,"Cincinnati, OH-KY-IN",4.9,2.4,61.0,22.0,0.11,0.093,179.0,53.0,9.0,44.0,19.3,70.0,32.0,,2000
5,17460,"Cleveland-Elyria, OH",11.1,7.9,61.0,23.0,0.11,0.085,149.0,40.0,9.0,46.0,19.7,122.0,43.0,,2000
6,18140,"Columbus, OH",4.9,2.8,,,0.12,0.091,,,,41.0,17.1,73.0,34.0,,2000
7,19380,"Dayton, OH",5.0,3.1,,,0.11,0.084,37.0,16.0,4.0,43.0,18.3,64.0,32.0,,2000
8,23380,"Fremont, OH",,,,,,,,,,,,42.0,25.0,,2000
9,26580,"Huntington-Ashland, WV-KY-OH",2.3,1.3,56.0,15.0,0.09,0.083,154.0,46.0,12.0,40.0,17.6,84.0,34.0,,2000
10,30620,"Lima, OH",,,,,0.1,0.085,34.0,15.0,3.0,,,,,,2000
11,31930,"Marietta, OH",,,,,0.1,0.082,,,,,,,,,2000
12,34540,"Mount Vernon, OH",,,,,0.1,0.09,,,,,,,,,2000
13,35420,"New Philadelphia-Dover, OH",,,,,,,119.0,31.0,6.0,,,,,,2000
14,38840,"Port Clinton, OH",,,,,,,,,,,,43.0,24.0,,2000
15,39020,"Portsmouth, OH",,,,,,,52.0,24.0,6.0,,,59.0,29.0,,2000
16,44220,"Springfield, OH",,,,,0.11,0.088,45.0,18.0,4.0,,,,,,2000
17,45660,"Tiffin, OH",,,,,,,,,,,,100.0,22.0,,2000
18,45780,"Toledo, OH",,,,,0.1,0.081,47.0,13.0,3.0,38.0,15.7,54.0,22.0,,2000
19,48260,"Weirton-Steubenville, WV-OH",16.2,7.9,,,0.1,0.08,224.0,69.0,14.0,47.0,19.2,94.0,31.0,,2000
20,48540,"Wheeling, WV-OH",4.0,2.3,,,0.09,0.071,204.0,44.0,13.0,35.0,16.4,62.0,27.0,,2000
21,48940,"Wilmington, OH",,,,,0.11,0.097,,,,,,,,,2000
22,49660,"Youngstown-Warren-Boardman, OH-PA",,,,,0.1,0.081,89.0,24.0,7.0,35.0,16.0,55.0,27.0,,2000
0,10420,"Akron, OH",5.2,2.7,,,0.12,0.098,132.0,44.0,9.0,46.0,17.6,66.0,22.0,,2001
1,11780,"Ashtabula, OH",,,,,0.12,0.097,56.0,25.0,4.0,,,,,,2001
2,11900,"Athens, OH",,,,,,,,,,32.0,12.4,40.0,18.0,,2001
3,13340,"Bellefontaine, OH",,,,,,,,,,,,,,,2001
4,15940,"Canton-Massillon, OH",4.0,2.6,,,0.11,0.089,55.0,25.0,7.0,45.0,17.8,53.0,22.0,,2001
5,17140,"Cincinnati, OH-KY-IN",4.5,2.9,65.0,22.0,0.12,0.088,168.0,42.0,10.0,47.0,17.6,68.0,30.0,,2001
6,17460,"Cleveland-Elyria, OH",5.5,3.5,76.0,24.0,0.11,0.099,139.0,36.0,8.0,47.0,19.8,110.0,43.0,,2001
7,18140,"Columbus, OH",4.7,2.6,,,0.11,0.09,41.0,17.0,3.0,41.0,17.9,68.0,30.0,,2001
8,18740,"Coshocton, OH",,,,,,,,,,,,,,,2001
9,19380,"Dayton, OH",4.8,2.6,,,0.1,0.084,34.0,22.0,4.0,42.0,16.1,58.0,25.0,,2001
10,22300,"Findlay, OH",,,,,,,,,,,,40.0,22.0,,2001
11,26580,"Huntington-Ashland, WV-KY-OH",,2.0,,,0.11,0.088,118.0,51.0,11.0,45.0,17.7,58.0,31.0,,2001
12,30620,"Lima, OH",,,,,0.1,0.081,27.0,13.0,3.0,,,46.0,21.0,,2001
13,31930,"Marietta, OH",,,,,0.11,0.085,,,,,,85.0,28.0,,2001
14,34540,"Mount Vernon, OH",,,,,0.1,0.087,,,,,,,,,2001
15,35420,"New Philadelphia-Dover, OH",,,,,,,88.0,30.0,5.0,,,,,,2001
16,39020,"Portsmouth, OH",,,,,,,74.0,29.0,7.0,49.0,20.3,52.0,24.0,,2001
17,44220,"Springfield, OH",,,,,0.1,0.083,44.0,17.0,4.0,37.0,14.8,,,,2001
18,45660,"Tiffin, OH",,,,,,,,,,,,60.0,20.0,,2001
19,45780,"Toledo, OH",,,,,0.11,0.092,72.0,20.0,6.0,37.0,15.7,74.0,23.0,,2001
20,48260,"Weirton-Steubenville, WV-OH",27.2,9.3,,,0.1,0.086,214.0,57.0,14.0,47.0,18.9,102.0,31.0,,2001
21,48540,"Wheeling, WV-OH",3.3,1.9,,,0.1,0.088,214.0,51.0,12.0,39.0,16.0,49.0,25.0,,2001
22,48940,"Wilmington, OH",,,,,0.12,0.093,,,,,,,,,2001
23,49660,"Youngstown-Warren-Boardman, OH-PA",,,,,0.11,0.094,97.0,33.0,6.0,46.0,16.4,64.0,24.0,,2001
0,10420,"Akron, OH",3.6,2.1,,,0.13,0.103,145.0,60.0,9.0,42.0,16.7,55.0,21.0,,2002
1,11780,"Ashtabula, OH",,,,,0.12,0.103,55.0,18.0,4.0,,,,,,2002
2,11900,"Athens, OH",,,,,,,,,,33.0,12.7,42.0,19.0,,2002
3,13340,"Bellefontaine, OH",,,,,,,,,,,,,,,2002
4,15940,"Canton-Massillon, OH",3.8,2.8,,,0.11,0.098,52.0,21.0,7.0,41.0,17.3,52.0,22.0,,2002
5,17140,"Cincinnati, OH-KY-IN",5.7,2.6,72.0,21.0,0.13,0.102,245.0,43.0,10.0,44.0,17.9,59.0,26.0,,2002
6,17460,"Cleveland-Elyria, OH",8.0,2.4,73.0,22.0,0.13,0.115,146.0,41.0,9.0,45.0,17.7,113.0,36.0,,2002
7,18140,"Columbus, OH",3.6,2.5,,,0.12,0.103,37.0,17.0,4.0,40.0,16.2,46.0,22.0,,2002
8,19380,"Dayton, OH",3.4,1.8,,,0.12,0.096,37.0,21.0,4.0,37.0,16.2,49.0,24.0,,2002
9,26580,"Huntington-Ashland, WV-KY-OH",2.7,1.6,42.0,11.0,0.13,0.102,93.0,34.0,9.0,46.0,16.7,65.0,28.0,,2002
10,30620,"Lima, OH",,,,,0.11,0.098,24.0,10.0,3.0,,,,,,2002
11,31930,"Marietta, OH",,,,,0.11,0.095,,,,,,83.0,27.0,,2002
12,34540,"Mount Vernon, OH",,,,,0.11,0.095,,,,,,,,,2002
13,35420,"New Philadelphia-Dover, OH",,,,,,,152.0,28.0,6.0,,,,,,2002
14,38580,"Point Pleasant, WV-OH",,,,,,,109.0,25.0,6.0,,,,,,2002
15,39020,"Portsmouth, OH",,,,,,,50.0,18.0,6.0,42.0,16.7,47.0,22.0,,2002
16,41400,"Salem, OH",,,,,,,150.0,53.0,9.0,,,,,,2002
17,44220,"Springfield, OH",,,,,0.11,0.099,43.0,23.0,5.0,34.0,15.1,,,,2002
18,45660,"Tiffin, OH",,,,,,,,,,,,54.0,19.0,,2002
19,45780,"Toledo, OH",,,,,0.12,0.096,88.0,26.0,7.0,39.0,15.3,83.0,23.0,,2002
20,48260,"Weirton-Steubenville, WV-OH",27.0,12.1,,,0.11,0.1,207.0,61.0,12.0,52.0,17.6,104.0,31.0,,2002
21,48540,"Wheeling, WV-OH",2.6,1.6,,,0.11,0.097,164.0,44.0,13.0,41.0,15.6,56.0,23.0,,2002
22,48940,"Wilmington, OH",,,,,0.12,0.099,,,,,,,,,2002
23,49660,"Youngstown-Warren-Boardman, OH-PA",,,,,0.12,0.103,59.0,24.0,6.0,38.0,14.9,54.0,22.0,,2002
0,10420,"Akron, OH",5.1,2.5,,,0.13,0.091,167.0,54.0,9.0,37.0,15.4,62.0,21.0,,2003
1,11780,"Ashtabula, OH",,,,,0.12,0.099,44.0,24.0,4.0,,,,,,2003
2,11900,"Athens, OH",,,,,,,,,,29.0,12.3,46.0,20.0,,2003
3,13340,"Bellefontaine, OH",,,,,,,,,,,,,,,2003
4,15940,"Canton-Massillon, OH",5.4,2.2,,,0.12,0.089,61.0,32.0,7.0,35.0,15.0,58.0,22.0,,2003
5,17140,"Cincinnati, OH-KY-IN",3.0,1.9,61.0,22.0,0.12,0.095,181.0,40.0,9.0,38.0,17.3,63.0,29.0,,2003
6,17460,"Cleveland-Elyria, OH",5.5,3.4,68.0,22.0,0.12,0.097,149.0,52.0,9.0,46.0,17.2,89.0,36.0,,2003
7,18140,"Columbus, OH",4.8,3.0,,,0.12,0.094,43.0,22.0,4.0,39.0,16.4,89.0,33.0,,2003
8,19380,"Dayton, OH",3.7,2.5,,,0.13,0.091,35.0,18.0,4.0,43.0,15.9,46.0,27.0,,2003
9,26580,"Huntington-Ashland, WV-KY-OH",,1.2,38.0,10.0,0.11,0.088,123.0,42.0,8.0,34.0,15.5,56.0,31.0,,2003
10,30620,"Lima, OH",,,,,0.1,0.088,27.0,15.0,3.0,,,,,,2003
11,31930,"Marietta, OH",,,,,0.12,0.08,,,,,,75.0,27.0,,2003
12,34540,"Mount Vernon, OH",,,,,0.11,0.083,,,,,,,,,2003
13,38580,"Point Pleasant, WV-OH",,,,,,,93.0,25.0,4.0,,,,,,2003
14,39020,"Portsmouth, OH",,,,,,,49.0,16.0,4.0,33.0,14.7,43.0,20.0,,2003
15,41400,"Salem, OH",,,,,,,151.0,39.0,7.0,,,49.0,26.0,,2003
16,44220,"Springfield, OH",,,,,0.12,0.084,47.0,23.0,4.0,31.0,14.1,,,,2003
17,45660,"Tiffin, OH",,,,,,,,,,,,50.0,17.0,,2003
18,45780,"Toledo, OH",,,,,0.1,0.094,65.0,26.0,7.0,37.0,14.5,60.0,22.0,,2003
19,48260,"Weirton-Steubenville, WV-OH",17.5,8.8,,,0.11,0.079,271.0,63.0,13.0,43.0,17.5,109.0,33.0,,2003
20,48540,"Wheeling, WV-OH",4.2,2.2,,,0.11,0.076,158.0,44.0,11.0,33.0,15.4,51.0,26.0,,2003
21,48940,"Wilmington, OH",,,,,0.11,0.096,,,,,,,,,2003
22,49660,"Youngstown-Warren-Boardman, OH-PA",,,,,0.12,0.091,75.0,26.0,6.0,36.0,15.0,51.0,23.0,,2003
0,10420,"Akron, OH",3.5,2.2,,,0.09,0.081,172.0,52.0,8.0,37.0,15.0,53.0,21.0,,2004
1,11780,"Ashtabula, OH",,,,,0.1,0.081,36.0,18.0,3.0,,,,,,2004
2,11900,"Athens, OH",,,,,,,,,,,,,,,2004
3,13340,"Bellefontaine, OH",,,,,,,,,,,,,,,2004
4,15940,"Canton-Massillon, OH",3.6,2.6,,,0.09,0.076,,,,,,,,,2004
5,17140,"Cincinnati, OH-KY-IN",5.8,2.8,57.0,19.0,0.1,0.081,237.0,51.0,9.0,42.0,16.4,53.0,25.0,,2004
6,17460,"Cleveland-Elyria, OH",12.8,5.4,70.0,22.0,0.09,0.079,161.0,47.0,8.0,43.0,17.5,83.0,34.0,,2004
7,18140,"Columbus, OH",4.4,2.6,,,0.1,0.078,53.0,23.0,4.0,36.0,15.0,77.0,29.0,,2004
8,19380,"Dayton, OH",4.1,2.6,,,0.09,0.075,,,,33.0,14.5,53.0,25.0,,2004
9,26580,"Huntington-Ashland, WV-KY-OH",,,64.0,15.0,0.09,0.073,80.0,50.0,9.0,31.0,15.2,69.0,31.0,,2004
10,30620,"Lima, OH",,,,,0.09,0.076,28.0,16.0,2.0,,,44.0,22.0,,2004
11,31930,"Marietta, OH",,,,,0.09,0.077,,,,,,60.0,25.0,,2004
12,34540,"Mount Vernon, OH",,,,,0.09,0.073,,,,,,,,,2004
13,35420,"New Philadelphia-Dover, OH",,,,,,,86.0,30.0,7.0,,,,,,2004
14,38580,"Point Pleasant, WV-OH",,,,,,,104.0,33.0,5.0,,,,,,2004
15,39020,"Portsmouth, OH",,,,,,,42.0,23.0,4.0,29.0,12.9,37.0,19.0,,2004
16,41400,"Salem, OH",,,,,,,170.0,61.0,7.0,,,67.0,31.0,,2004
17,44220,"Springfield, OH",,,,,0.09,0.079,42.0,21.0,5.0,32.0,13.5,,,,2004
18,45660,"Tiffin, OH",,,,,,,,,,,,42.0,18.0,,2004
19,45780,"Toledo, OH",,,,,0.09,0.078,85.0,28.0,7.0,34.0,13.7,69.0,22.0,,2004
20,48260,"Weirton-Steubenville, WV-OH",22.0,12.0,,,0.09,0.073,236.0,98.0,15.0,52.0,16.6,108.0,30.0,,2004
21,48540,"Wheeling, WV-OH",2.9,1.7,,,0.08,0.063,175.0,44.0,13.0,35.0,14.4,53.0,22.0,,2004
22,48940,"Wilmington, OH",,,,,0.09,0.078,,,,,,,,,2004
23,49660,"Youngstown-Warren-Boardman, OH-PA",,,,,0.09,0.08,55.0,21.0,5.0,36.0,14.7,46.0,21.0,,2004
0,10420,"Akron, OH",3.1,1.7,,,0.11,0.092,140.0,37.0,8.0,45.0,16.4,,,,2005
1,11780,"Ashtabula, OH",,,,,0.1,0.093,39.0,20.0,4.0,,,,,,2005
2,11900,"Athens, OH",,,,,,,,,,33.0,13.3,,,,2005
3,13340,"Bellefontaine, OH",,,,,,,,,,,,,,,2005
4,15940,"Canton-Massillon, OH",3.8,2.7,,,0.1,0.086,,,,43.0,16.6,,,,2005
5,17140,"Cincinnati, OH-KY-IN",3.2,1.8,71.0,21.0,0.12,0.092,166.0,36.0,9.0,51.0,20.0,59.0,28.0,,2005
6,17460,"Cleveland-Elyria, OH",15.9,3.1,68.0,22.0,0.13,0.097,193.0,77.0,10.0,51.0,19.4,115.0,41.0,,2005
7,18140,"Columbus, OH",4.2,2.0,,,0.11,0.092,55.0,28.0,4.0,45.0,16.5,85.0,35.0,,2005
8,19380,"Dayton, OH",2.8,1.8,,,0.1,0.083,,,,45.0,17.4,60.0,28.0,,2005
9,22300,"Findlay, OH",,,,,,,,,,,,42.0,23.0,,2005
10,26580,"Huntington-Ashland, WV-KY-OH",,,78.0,15.0,0.1,0.082,75.0,71.0,9.0,41.0,18.1,72.0,33.0,,2005
11,30620,"Lima, OH",,,,,0.09,0.081,27.0,15.0,3.0,,,42.0,25.0,,2005
12,31930,"Marietta, OH",,,,,0.1,0.088,,,,,,,,,2005
13,34540,"Mount Vernon, OH",,,,,0.1,0.081,,,,,,,,,2005
14,35420,"New Philadelphia-Dover, OH",,,,,,,77.0,28.0,8.0,,,,,,2005
15,38580,"Point Pleasant, WV-OH",,,,,,,100.0,27.0,6.0,,,,,,2005
16,39020,"Portsmouth, OH",,,,,,,69.0,22.0,4.0,40.0,16.2,152.0,32.0,,2005
17,41400,"Salem, OH",,,,,,,129.0,36.0,6.0,,,77.0,34.0,,2005
18,44220,"Springfield, OH",,,,,0.1,0.086,50.0,24.0,4.0,42.0,16.7,,,,2005
19,45780,"Toledo, OH",,,,,0.12,0.087,70.0,23.0,5.0,45.0,15.8,68.0,21.0,,2005
20,48260,"Weirton-Steubenville, WV-OH",9.2,4.4,,,0.1,0.083,224.0,77.0,14.0,45.0,18.1,98.0,33.0,,2005
21,48540,"Wheeling, WV-OH",,,,,0.1,0.089,190.0,36.0,12.0,32.0,16.2,,,,2005
22,48940,"Wilmington, OH",,,,,0.11,0.083,,,,,,,,,2005
23,49660,"Youngstown-Warren-Boardman, OH-PA",,,,,0.11,0.087,71.0,22.0,5.0,45.0,16.9,65.0,25.0,,2005
0,10420,"Akron, OH",2.6,1.8,,,0.09,0.077,138.0,38.0,7.0,32.0,13.5,,,,2006
1,11780,"Ashtabula, OH",,,,,0.11,0.086,40.0,15.0,3.0,,,,,,2006
2,11900,"Athens, OH",,,,,,,,,,30.0,11.8,,,,2006
3,13340,"Bellefontaine, OH",,,,,,,,,,,,,,,2006
4,15940,"Canton-Massillon, OH",3.3,2.2,,,0.09,0.079,,,,,,,,,2006
5,17140,"Cincinnati, OH-KY-IN",9.9,3.0,56.0,18.0,0.11,0.086,108.0,28.0,5.0,36.0,15.9,53.0,24.0,,2006
6,17460,"Cleveland-Elyria, OH",7.3,3.9,58.0,18.0,0.1,0.083,172.0,57.0,8.0,36.0,15.0,76.0,28.0,,2006
7,18140,"Columbus, OH",2.9,2.1,,,0.09,0.082,37.0,11.0,3.0,34.0,13.6,64.0,27.0,,2006
8,19380,"Dayton, OH",4.2,1.9,,,0.1,0.079,,,,30.0,13.6,45.0,22.0,,2006
9,22300,"Findlay, OH",,,,,,,,,,,,40.0,24.0,,2006
10,26580,"Huntington-Ashland, WV-KY-OH",,,,10.0,0.1,0.081,70.0,29.0,7.0,31.0,15.0,72.0,34.0,,2006
11,30620,"Lima, OH",,,,,0.09,0.075,22.0,9.0,2.0,,,28.0,21.0,,2006
12,31930,"Marietta, OH",,,,,0.1,0.081,,,,,,57.0,25.0,,2006
13,34540,"Mount Vernon, OH",,,,,0.09,0.075,,,,,,,,,2006
14,35420,"New Philadelphia-Dover, OH",,,,,,,61.0,18.0,5.0,,,,,,2006
15,38580,"Point Pleasant, WV-OH",,,,,,,110.0,34.0,5.0,,,,,,2006
16,39020,"Portsmouth, OH",,,,,,,49.0,13.0,3.0,31.0,14.3,57.0,20.0,,2006
17,41400,"Salem, OH",,,,,,,107.0,29.0,4.0,,,72.0,30.0,,2006
18,44220,"Springfield, OH",,,,,0.1,0.076,39.0,13.0,2.0,31.0,13.1,,,,2006
19,45780,"Toledo, OH",,,,,0.09,0.075,63.0,19.0,5.0,27.0,12.7,67.0,22.0,,2006
20,48260,"Weirton-Steubenville, WV-OH",15.9,4.4,,,0.1,0.08,179.0,49.0,13.0,37.0,15.2,108.0,28.0,,2006
21,48540,"Wheeling, WV-OH",,,,,0.09,0.079,147.0,35.0,11.0,35.0,14.5,,,,2006
22,48940,"Wilmington, OH",,,,,0.09,0.081,,,,,,,,,2006
23,49660,"Youngstown-Warren-Boardman, OH-PA",,,,,0.1,0.082,60.0,19.0,5.0,31.0,13.5,43.0,21.0,,2006
0,10420,"Akron, OH",2.5,1.4,,,0.1,0.09,57.0,17.0,4.0,33.0,15.4,,,,2007
1,11780,"Ashtabula, OH",,,,,0.11,0.092,31.0,14.0,3.0,,,,,,2007
2,11900,"Athens, OH",,,29.0,6.0,0.09,0.08,88.0,20.0,5.0,37.0,13.0,,,,2007
3,13340,"Bellefontaine, OH",,,,,,,,,,,,,,,2007
4,15940,"Canton-Massillon, OH",2.1,1.7,,,0.11,0.087,,,,,,,,,2007
5,17140,"Cincinnati, OH-KY-IN",4.1,2.8,56.0,17.0,0.11,0.091,99.0,22.0,5.0,37.0,16.6,55.0,26.0,,2007
6,17460,"Cleveland-Elyria, OH",6.7,2.9,61.0,20.0,0.11,0.083,176.0,53.0,8.0,39.0,15.8,100.0,34.0,,2007
7,18140,"Columbus, OH",2.3,1.6,,,0.1,0.087,33.0,12.0,3.0,36.0,14.7,76.0,36.0,,2007
8,19380,"Dayton, OH",4.2,1.6,,,0.09,0.077,,,,37.0,15.6,59.0,27.0,,2007
9,22300,"Findlay, OH",,,,,,,,,,,,35.0,22.0,,2007
10,26580,"Huntington-Ashland, WV-KY-OH",,,39.0,11.0,0.11,0.089,66.0,21.0,6.0,39.0,16.7,94.0,39.0,,2007
11,30620,"Lima, OH",,,,,0.09,0.078,19.0,11.0,2.0,,,35.0,23.0,,2007
12,31930,"Marietta, OH",,,,,0.1,0.086,,,,,,,,,2007
13,34540,"Mount Vernon, OH",,,,,0.09,0.08,,,,,,,,,2007
14,35420,"New Philadelphia-Dover, OH",,,,,,,75.0,26.0,6.0,,,,,,2007
15,39020,"Portsmouth, OH",,,,,,,42.0,14.0,4.0,38.0,14.0,83.0,26.0,,2007
16,41400,"Salem, OH",,,,,,,128.0,23.0,4.0,,,58.0,28.0,,2007
17,44220,"Springfield, OH",,,,,0.1,0.078,31.0,12.0,2.0,37.0,14.6,,,,2007
18,45780,"Toledo, OH",,,,,0.11,0.083,75.0,25.0,6.0,35.0,14.9,94.0,24.0,,2007
19,48260,"Weirton-Steubenville, WV-OH",9.7,4.9,,,0.09,0.079,208.0,60.0,12.0,50.0,19.2,84.0,30.0,,2007
20,48540,"Wheeling, WV-OH",,,,,0.1,0.08,161.0,39.0,11.0,38.0,15.2,,,,2007
21,48940,"Wilmington, OH",,,,,0.1,0.082,,,,,,,,,2007
22,49660,"Youngstown-Warren-Boardman, OH-PA",,,,,0.1,0.084,58.0,17.0,5.0,35.0,14.2,50.0,22.0,,2007
0,10420,"Akron, OH",1.9,1.3,,,0.09,0.08,37.0,15.0,3.0,38.0,13.8,,,,2008
1,11780,"Ashtabula, OH",,,,,0.09,0.075,36.0,13.0,3.0,,,,,,2008
2,11900,"Athens, OH",,,29.0,5.0,0.08,0.069,76.0,18.0,4.0,,,,,,2008
3,13340,"Bellefontaine, OH",,,,,,,,,,,,,,,2008
4,15940,"Canton-Massillon, OH",2.9,2.5,,,0.09,0.077,,,,,,,,,2008
5,17140,"Cincinnati, OH-KY-IN",5.1,2.7,58.0,16.0,0.11,0.086,83.0,19.0,4.0,35.0,15.3,47.0,23.0,,2008
6,17460,"Cleveland-Elyria, OH",7.5,4.8,58.0,17.0,0.1,0.083,164.0,39.0,7.0,40.0,14.6,95.0,36.0,,2008
7,18140,"Columbus, OH",2.5,1.6,,,0.09,0.083,29.0,11.0,2.0,33.0,13.0,79.0,31.0,,2008
8,19380,"Dayton, OH",2.3,1.5,,,0.09,0.077,,,,31.0,13.2,47.0,22.0,,2008
9,22300,"Findlay, OH",,,,,,,,,,,,30.0,20.0,,2008
10,26580,"Huntington-Ashland, WV-KY-OH",,,42.0,10.0,0.1,0.082,50.0,21.0,8.0,27.0,14.1,88.0,31.0,,2008
11,30620,"Lima, OH",,,,,0.08,0.067,20.0,8.0,2.0,,,28.0,19.0,,2008
12,31930,"Marietta, OH",,,,,0.09,0.078,,,,,,,,,2008
13,34540,"Mount Vernon, OH",,,,,0.09,0.074,,,,,,,,,2008
14,35420,"New Philadelphia-Dover, OH",,,,,,,64.0,20.0,5.0,,,,,,2008
15,39020,"Portsmouth, OH",,,,,,,39.0,15.0,5.0,24.0,12.1,55.0,22.0,,2008
16,41400,"Salem, OH",,,,,,,111.0,39.0,4.0,,,55.0,26.0,,2008
17,44220,"Springfield, OH",,,,,0.09,0.075,24.0,8.0,2.0,29.0,12.7,,,,2008
18,45780,"Toledo, OH",,,,,0.09,0.073,,,,32.0,12.3,88.0,21.0,,2008
19,48260,"Weirton-Steubenville, WV-OH",4.3,2.3,,,0.09,0.077,168.0,55.0,11.0,39.0,15.5,64.0,25.0,,2008
20,48540,"Wheeling, WV-OH",,,,,0.08,0.072,113.0,29.0,9.0,29.0,13.1,,,,2008
21,48940,"Wilmington, OH",,,,,0.1,0.076,,,,,,,,,2008
22,49660,"Youngstown-Warren-Boardman, OH-PA",,,,,0.1,0.078,60.0,16.0,4.0,32.0,13.2,48.0,21.0,,2008
0,10420,"Akron, OH",5.8,2.1,,,0.08,0.071,35.0,13.0,2.0,26.0,11.6,,,,2009
1,11780,"Ashtabula, OH",,,,,0.09,0.075,34.0,12.0,3.0,,,,,,2009
2,11900,"Athens, OH",1.3,1.2,27.0,4.0,0.08,0.067,58.0,22.0,4.0,18.0,9.1,,,,2009
3,13340,"Bellefontaine, OH",,,,,,,,,,,,,,,2009
4,15940,"Canton-Massillon, OH",1.8,1.4,,,0.08,0.066,,,,28.0,11.9,,,,2009
5,17140,"Cincinnati, OH-KY-IN",1.9,1.1,50.0,14.0,0.09,0.077,60.0,18.0,2.0,31.0,13.9,42.0,20.0,,2009
6,17460,"Cleveland-Elyria, OH",17.3,6.6,,17.0,0.09,0.072,186.0,70.0,10.0,30.0,12.9,74.0,34.0,,2009
7,18140,"Columbus, OH",2.2,1.5,,,0.08,0.073,,,,26.0,11.5,56.0,26.0,,2009
8,19380,"Dayton, OH",2.3,1.6,,,0.08,0.073,,,,27.0,12.4,44.0,20.0,,2009
9,22300,"Findlay, OH",,,,,,,,,,,,36.0,18.0,,2009
10,23380,"Fremont, OH",,,,,,,,,,,,,,,2009
11,26580,"Huntington-Ashland, WV-KY-OH",,,36.0,9.0,0.08,0.066,80.0,20.0,4.0,29.0,12.0,49.0,24.0,,2009
12,31930,"Marietta, OH",,,,,0.07,0.067,,,,,,,,,2009
13,34540,"Mount Vernon, OH",,,,,0.08,0.068,,,,,,,,,2009
14,35420,"New Philadelphia-Dover, OH",,,,,,,64.0,22.0,4.0,,,,,,2009
15,39020,"Portsmouth, OH",,,,,,,36.0,12.0,4.0,22.0,10.9,54.0,20.0,,2009
16,41400,"Salem, OH",,,,,,,113.0,27.0,4.0,,,47.0,25.0,,2009
17,44220,"Springfield, OH",,,,,0.08,0.072,27.0,13.0,3.0,26.0,12.4,,,,2009
18,45780,"Toledo, OH",,,,,0.09,0.072,,,,29.0,11.4,66.0,21.0,,2009
19,48260,"Weirton-Steubenville, WV-OH",1.8,1.1,,,0.08,0.067,143.0,96.0,8.0,48.0,12.2,50.0,23.0,,2009
20,48540,"Wheeling, WV-OH",,,,,0.08,0.071,74.0,22.0,6.0,26.0,12.2,,,,2009
21,48940,"Wilmington, OH",,,,,0.08,0.07,,,,,,,,,2009
22,49660,"Youngstown-Warren-Boardman, OH-PA",,,,,0.08,0.07,54.0,17.0,4.0,28.0,11.7,42.0,19.0,,2009
0,10420,"Akron, OH",2.2,1.7,,,0.08,0.076,38.0,23.0,2.0,32.0,13.2,,,,2010
1,11780,"Ashtabula, OH",,,,,0.09,0.083,20.0,8.0,2.0,,,,,,2010
2,11900,"Athens, OH",,,26.0,4.0,0.08,0.07,71.0,17.0,5.0,,,,,,2010
3,13340,"Bellefontaine, OH",,,,,,,,,,,,,,0.01,2010
4,15940,"Canton-Massillon, OH",1.8,1.5,,,0.1,0.08,,,,42.0,15.0,,,0.02,2010
5,17140,"Cincinnati, OH-KY-IN",1.3,0.9,54.0,15.0,0.1,0.08,99.0,17.0,4.0,35.0,15.0,59.0,25.0,0.01,2010
6,17460,"Cleveland-Elyria, OH",8.8,3.5,58.0,16.0,0.1,0.081,139.0,49.0,8.0,33.0,14.0,72.0,31.0,0.53,2010
7,18140,"Columbus, OH",2.7,1.7,,,0.09,0.077,,,,34.0,13.1,126.0,32.0,0.01,2010
8,19380,"Dayton, OH",2.5,1.6,,,0.09,0.077,,,,30.0,14.0,45.0,23.0,,2010
9,22300,"Findlay, OH",,,,,,,,,,,,42.0,19.0,,2010
10,26580,"Huntington-Ashland, WV-KY-OH",,,37.0,8.0,0.09,0.074,44.0,17.0,3.0,28.0,13.2,90.0,30.0,,2010
11,30620,"Lima, OH",,,,,0.08,0.072,23.0,7.0,2.0,,,42.0,21.0,,2010
12,31930,"Marietta, OH",,,,,0.09,0.076,,,,,,,,0.02,2010
13,34540,"Mount Vernon, OH",,,,,0.09,0.073,,,,,,,,,2010
14,35420,"New Philadelphia-Dover, OH",,,,,,,58.0,18.0,4.0,,,,,,2010
15,39020,"Portsmouth, OH",,,,,,,52.0,13.0,2.0,26.0,12.0,50.0,21.0,,2010
16,41400,"Salem, OH",,,,,,,47.0,22.0,3.0,,,56.0,24.0,0.06,2010
17,44220,"Springfield, OH",,,,,0.09,0.075,28.0,12.0,1.0,30.0,13.1,,,,2010
18,45780,"Toledo, OH",,,,,0.09,0.075,,,,39.0,11.7,87.0,24.0,0.08,2010
19,48260,"Weirton-Steubenville, WV-OH",1.6,0.8,,,0.09,0.076,143.0,42.0,9.0,38.0,14.4,63.0,30.0,,2010
20,48540,"Wheeling, WV-OH",,,,,0.09,0.076,101.0,20.0,7.0,34.0,14.1,,,,2010
21,48940,"Wilmington, OH",,,,,0.09,0.076,,,,,,,,,2010
22,49660,"Youngstown-Warren-Boardman, OH-PA",,,,,0.09,0.076,48.0,13.0,2.0,33.0,12.8,49.0,22.0,,2010
0,10420,"Akron, OH",1.6,1.4,,,0.09,0.076,40.0,18.0,3.0,27.0,11.6,,,,2011
1,11780,"Ashtabula, OH",,,,,0.09,0.077,19.0,10.0,2.0,,,,,,2011
2,11900,"Athens, OH",,,20.0,3.0,0.08,0.071,,,,19.0,8.7,,,,2011
3,13340,"Bellefontaine, OH",,,,,,,,,,,,,,0.0,2011
4,15940,"Canton-Massillon, OH",2.1,1.6,,,0.09,0.081,,,,28.0,12.8,,,0.02,2011
5,17140,"Cincinnati, OH-KY-IN",6.4,1.8,46.0,13.0,0.11,0.088,109.0,29.0,3.0,30.0,13.3,54.0,20.0,0.01,2011
6,17460,"Cleveland-Elyria, OH",5.5,3.1,50.0,15.0,0.1,0.081,145.0,55.0,7.0,28.0,12.6,122.0,37.0,0.41,2011
7,18140,"Columbus, OH",2.3,1.5,,,0.1,0.087,,,,27.0,11.9,77.0,23.0,0.01,2011
8,19380,"Dayton, OH",9.2,2.8,,,0.09,0.08,,,,29.0,12.2,44.0,20.0,,2011
9,26580,"Huntington-Ashland, WV-KY-OH",,,,,0.09,0.074,49.0,14.0,2.0,26.0,11.2,99.0,28.0,0.0,2011
10,30620,"Lima, OH",,,,,0.08,0.073,14.0,7.0,1.0,,,,,,2011
11,31930,"Marietta, OH",,,,,0.1,0.071,,,,,,,,0.01,2011
12,32020,"Marion, OH",,,,,,,,,,,,,,0.06,2011
13,34540,"Mount Vernon, OH",,,,,0.09,0.079,,,,,,,,,2011
14,35420,"New Philadelphia-Dover, OH",,,,,,,55.0,16.0,4.0,,,,,,2011
15,39020,"Portsmouth, OH",,,,,,,43.0,12.0,2.0,21.0,10.1,57.0,19.0,,2011
16,41400,"Salem, OH",,,,,,,27.0,9.0,2.0,,,39.0,20.0,0.05,2011
17,44220,"Springfield, OH",,,,,0.09,0.077,22.0,9.0,1.0,28.0,12.3,,,,2011
18,45780,"Toledo, OH",,,,,0.09,0.074,,,,26.0,11.4,75.0,20.0,0.18,2011
19,47920,"Washington Court House, OH",,,,,0.09,0.075,,,,,,,,,2011
20,48260,"Weirton-Steubenville, WV-OH",2.3,1.0,,,0.08,0.073,143.0,33.0,7.0,29.0,12.6,42.0,21.0,,2011
21,48540,"Wheeling, WV-OH",,,,,0.09,0.074,79.0,19.0,6.0,29.0,12.6,,,,2011
22,48940,"Wilmington, OH",,,,,0.1,0.084,,,,,,,,,2011
23,49660,"Youngstown-Warren-Boardman, OH-PA",,,,,0.09,0.078,40.0,12.0,2.0,26.0,11.3,35.0,18.0,0.01,2011
0,10420,"Akron, OH",1.5,1.1,,,0.08,0.074,47.0,16.0,3.0,22.0,10.9,,,,2012
1,11780,"Ashtabula, OH",,,,,0.1,0.079,53.0,9.0,1.0,,,,,,2012
2,11900,"Athens, OH",,,,,,,,,,16.0,8.7,,,,2012
3,15940,"Canton-Massillon, OH",1.8,1.6,,,0.09,0.077,,,,27.0,12.3,,,0.02,2012
4,17140,"Cincinnati, OH-KY-IN",,1.0,29.0,4.0,0.11,0.091,85.0,32.0,2.0,28.0,13.9,105.0,49.0,0.01,2012
5,17460,"Cleveland-Elyria, OH",7.5,4.6,48.0,14.0,0.11,0.089,163.0,55.0,5.0,29.0,12.3,189.0,51.0,0.03,2012
6,18140,"Columbus, OH",2.6,1.6,,,0.11,0.082,,,,22.0,10.9,62.0,29.0,0.01,2012
7,19380,"Dayton, OH",2.0,1.3,,,0.1,0.079,,,,24.0,11.0,39.0,22.0,0.01,2012
8,26580,"Huntington-Ashland, WV-KY-OH",,,30.0,6.0,0.1,0.076,16.0,8.0,3.0,22.0,11.3,92.0,31.0,0.0,2012
9,30620,"Lima, OH",,,,,0.09,0.079,12.0,4.0,1.0,21.0,10.0,,,,2012
10,31930,"Marietta, OH",,,,,0.09,0.075,,,,,,,,0.01,2012
11,32020,"Marion, OH",,,,,,,,,,,,,,0.09,2012
12,34540,"Mount Vernon, OH",,,,,0.09,0.074,,,,,,,,,2012
13,39020,"Portsmouth, OH",,,,,,,23.0,5.0,1.0,20.0,9.9,34.0,18.0,,2012
14,41400,"Salem, OH",,,,,,,22.0,6.0,1.0,,,36.0,19.0,0.02,2012
15,44220,"Springfield, OH",,,,,0.1,0.077,18.0,9.0,2.0,22.0,10.4,,,,2012
16,45780,"Toledo, OH",,,,,0.1,0.083,,,,25.0,10.1,,,0.08,2012
17,47920,"Washington Court House, OH",,,,,0.09,0.077,,,,,,,,,2012
18,48260,"Weirton-Steubenville, WV-OH",1.5,1.0,,,0.09,0.077,117.0,41.0,6.0,27.0,11.8,47.0,26.0,,2012
19,48540,"Wheeling, WV-OH",,,,,0.09,0.074,55.0,19.0,7.0,24.0,11.8,,,,2012
20,48940,"Wilmington, OH",,,,,0.11,0.086,,,,,,,,,2012
21,49660,"Youngstown-Warren-Boardman, OH-PA",,,,,0.1,0.087,43.0,13.0,2.0,23.0,10.9,37.0,20.0,0.01,2012
0,10420,"Akron, OH",1.3,0.8,,,0.07,0.06,59.0,19.0,3.0,25.0,10.9,,,,2013
1,11780,"Ashtabula, OH",,,,,0.08,0.07,29.0,6.0,1.0,,,,,,2013
2,11900,"Athens, OH",,,,,,,,,,16.0,8.1,,,,2013
3,13340,"Bellefontaine, OH",,,,,,,,,,,,,,0.0,2013
4,15940,"Canton-Massillon, OH",1.3,0.9,,,0.08,0.07,,,,28.0,12.0,,,0.02,2013
5,17140,"Cincinnati, OH-KY-IN",1.5,0.9,33.0,12.0,0.09,0.072,71.0,21.0,3.0,26.0,13.3,106.0,42.0,0.01,2013
6,17460,"Cleveland-Elyria, OH",7.8,4.6,53.0,13.0,0.08,0.07,119.0,31.0,4.0,26.0,12.2,95.0,41.0,0.06,2013
7,18140,"Columbus, OH",1.6,1.0,,,0.08,0.073,13.0,5.0,1.0,24.0,10.7,41.0,22.0,0.01,2013
8,19380,"Dayton, OH",1.8,1.2,,,0.09,0.07,16.0,5.0,1.0,23.0,10.9,32.0,18.0,0.01,2013
9,26580,"Huntington-Ashland, WV-KY-OH",,,30.0,6.0,0.08,0.065,22.0,16.0,2.0,20.0,9.4,74.0,23.0,0.01,2013
10,30620,"Lima, OH",,,,,0.08,0.068,7.0,4.0,1.0,,,,,,2013
11,31930,"Marietta, OH",,,,,0.08,0.063,,,,,,,,0.01,2013
12,32020,"Marion, OH",,,,,,,,,,,,,,0.03,2013
13,34540,"Mount Vernon, OH",,,,,0.08,0.067,,,,,,,,,2013
14,39020,"Portsmouth, OH",,,,,,,14.0,4.0,1.0,18.0,9.4,40.0,17.0,,2013
15,41400,"Salem, OH",,,,,,,,,,,,31.0,17.0,0.02,2013
16,44220,"Springfield, OH",,,,,0.08,0.071,17.0,8.0,1.0,24.0,10.1,,,,2013
17,45780,"Toledo, OH",,,,,0.08,0.068,29.0,8.0,,22.0,10.2,,,0.06,2013
18,47920,"Washington Court House, OH",,,,,0.08,0.064,,,,,,,,,2013
19,48260,"Weirton-Steubenville, WV-OH",1.9,1.3,,,0.08,0.069,62.0,19.0,5.0,27.0,11.0,46.0,25.0,,2013
20,48540,"Wheeling, WV-OH",,,,,0.08,0.063,33.0,10.0,2.0,25.0,10.4,,,,2013
21,48940,"Wilmington, OH",,,,,0.08,0.064,,,,,,,,,2013
22,49660,"Youngstown-Warren-Boardman, OH-PA",,,,,0.08,0.069,27.0,7.0,1.0,25.0,10.9,39.0,19.0,0.01,2013
0,10420,"Akron, OH",1.4,0.8,,,0.07,0.061,21.0,7.0,2.0,24.0,10.8,,,,2014
1,11780,"Ashtabula, OH",,,,,0.08,0.069,17.0,6.0,2.0,,,,,,2014
2,11900,"Athens, OH",,,,,,,,,,18.0,7.8,,,,2014
3,13340,"Bellefontaine, OH",,,,,,,,,,,,,,0.0,2014
4,15940,"Canton-Massillon, OH",1.5,1.1,,,0.08,0.065,,,,25.0,11.6,,,,2014
5,17140,"Cincinnati, OH-KY-IN",1.1,1.1,59.0,23.0,0.09,0.073,71.0,17.0,2.0,28.0,13.3,75.0,32.0,0.01,2014
6,17460,"Cleveland-Elyria, OH",7.1,3.7,48.0,12.0,0.08,0.075,80.0,22.0,4.0,27.0,12.5,93.0,38.0,0.03,2014
7,18140,"Columbus, OH",1.8,1.3,51.0,12.0,0.08,0.07,17.0,6.0,0.0,24.0,10.9,46.0,23.0,,2014
8,19380,"Dayton, OH",1.4,1.0,,,0.08,0.069,26.0,7.0,1.0,25.0,10.1,35.0,19.0,0.01,2014
9,26580,"Huntington-Ashland, WV-KY-OH",,,32.0,6.0,0.08,0.065,19.0,6.0,1.0,22.0,9.3,36.0,20.0,0.01,2014
10,30620,"Lima, OH",,,,,0.07,0.066,13.0,5.0,1.0,,,,,,2014
11,31930,"Marietta, OH",,,,,0.08,0.063,,,,,,,,0.0,2014
12,32020,"Marion, OH",,,,,,,,,,,,,,0.03,2014
13,34540,"Mount Vernon, OH",,,,,0.08,0.066,,,,,,,,,2014
14,39020,"Portsmouth, OH",,,,,,,45.0,16.0,3.0,16.0,8.2,70.0,17.0,,2014
15,41400,"Salem, OH",,,,,,,23.0,8.0,2.0,,,37.0,18.0,0.02,2014
16,44220,"Springfield, OH",,,,,0.08,0.065,19.0,7.0,1.0,25.0,10.5,,,,2014
17,45780,"Toledo, OH",,,,,0.08,0.07,,,,29.0,10.6,,,0.09,2014
18,47920,"Washington Court House, OH",,,,,0.08,0.069,,,,,,,,,2014
19,48260,"Weirton-Steubenville, WV-OH",1.6,0.8,,,0.08,0.067,48.0,27.0,5.0,27.0,11.2,45.0,21.0,,2014
20,48540,"Wheeling, WV-OH",,,,,0.07,0.066,43.0,15.0,3.0,21.0,10.5,,,,2014
21,48940,"Wilmington, OH",,,,,0.09,0.07,,,,,,,,,2014
22,49660,"Youngstown-Warren-Boardman, OH-PA",,,,,0.08,0.071,44.0,13.0,1.0,22.0,11.3,28.0,17.0,,2014
0,10420,"Akron, OH",2.6,2.1,,,0.07,0.065,14.0,4.0,1.0,28.0,13.8,,,,2015
1,11780,"Ashtabula, OH",,,,,0.09,0.07,37.0,7.0,2.0,,,,,,2015
2,11900,"Athens, OH",,,,,,,,,,16.0,7.4,,,,2015
3,13340,"Bellefontaine, OH",,,,,,,,,,,,,,0.0,2015
4,15940,"Canton-Massillon, OH",1.8,1.4,,,0.08,0.072,,,,26.0,12.4,,,,2015
5,17140,"Cincinnati, OH-KY-IN",2.0,1.3,57.0,22.0,0.09,0.072,54.0,12.0,2.0,23.0,12.5,82.0,38.0,0.01,2015
6,17460,"Cleveland-Elyria, OH",5.8,2.9,50.0,13.0,0.08,0.074,89.0,31.0,3.0,27.0,13.3,86.0,42.0,0.03,2015
7,18140,"Columbus, OH",2.1,1.5,48.0,12.0,0.08,0.071,6.0,2.0,0.0,24.0,10.9,,,0.01,2015
8,19380,"Dayton, OH",1.6,1.1,,,0.08,0.071,25.0,5.0,1.0,22.0,10.3,41.0,19.0,,2015
9,26580,"Huntington-Ashland, WV-KY-OH",,,35.0,6.0,0.08,0.069,16.0,5.0,1.0,27.0,10.9,57.0,25.0,0.01,2015
10,30620,"Lima, OH",,,,,0.08,0.064,10.0,3.0,0.0,,,,,,2015
11,31930,"Marietta, OH",,,,,0.08,0.068,,,,,,,,0.0,2015
12,32020,"Marion, OH",,,,,,,,,,,,,,0.03,2015
13,34540,"Mount Vernon, OH",,,,,0.08,0.071,,,,,,,,,2015
14,39020,"Portsmouth, OH",,,,,,,20.0,9.0,2.0,23.0,8.7,53.0,17.0,,2015
15,41400,"Salem, OH",,,,,,,15.0,7.0,1.0,,,43.0,20.0,0.01,2015
16,44220,"Springfield, OH",,,,,0.08,0.071,13.0,5.0,0.0,20.0,9.6,,,,2015
17,45780,"Toledo, OH",,,,,0.08,0.064,,,,24.0,10.7,,,0.07,2015
18,47920,"Washington Court House, OH",,,,,0.08,0.07,,,,,,,,,2015
19,48260,"Weirton-Steubenville, WV-OH",1.1,0.7,,,0.08,0.069,50.0,24.0,3.0,29.0,13.2,45.0,22.0,,2015
20,48540,"Wheeling, WV-OH",,0.5,,,0.08,0.069,38.0,12.0,2.0,24.0,10.6,,,,2015
21,48940,"Wilmington, OH",,,,,0.08,0.07,,,,,,,,,2015
22,49660,"Youngstown-Warren-Boardman, OH-PA",,,,,0.08,0.07,32.0,7.0,1.0,26.0,11.0,41.0,19.0,,2015
0,10420,"Akron, OH",1.4,1.1,,,0.09,0.061,10.0,3.0,0.0,22.0,10.2,,,,2016
1,11780,"Ashtabula, OH",,,,,0.08,0.072,7.0,3.0,0.0,,,,,,2016
2,11900,"Athens, OH",,,,,,,,,,11.0,6.2,,,,2016
3,13340,"Bellefontaine, OH",,,,,,,,,,,,,,0.0,2016
4,15940,"Canton-Massillon, OH",1.8,1.4,,,0.08,0.072,,,,20.0,9.5,,,,2016
5,17140,"Cincinnati, OH-KY-IN",1.7,1.3,56.0,21.0,0.09,0.076,43.0,7.0,2.0,26.0,11.6,85.0,36.0,,2016
6,17460,"Cleveland-Elyria, OH",5.8,3.9,50.0,11.0,0.09,0.077,370.0,145.0,2.0,22.0,10.7,86.0,37.0,0.03,2016
7,18140,"Columbus, OH",2.5,1.8,42.0,12.0,0.09,0.072,4.0,2.0,0.0,18.0,8.7,52.0,20.0,0.01,2016
8,19380,"Dayton, OH",1.2,0.9,,,0.08,0.072,16.0,3.0,0.0,23.0,9.1,39.0,19.0,0.0,2016
9,26580,"Huntington-Ashland, WV-KY-OH",,,29.0,5.0,0.08,0.07,8.0,3.0,1.0,24.0,9.6,50.0,23.0,0.01,2016
10,30620,"Lima, OH",,,,,0.08,0.068,4.0,2.0,0.0,20.0,7.8,,,,2016
11,31930,"Marietta, OH",,,,,0.07,0.064,,,,,,,,0.0,2016
12,32020,"Marion, OH",,,,,,,,,,,,,,0.02,2016
13,34540,"Mount Vernon, OH",,,,,0.07,0.066,,,,,,,,,2016
14,39020,"Portsmouth, OH",,,,,,,23.0,5.0,1.0,17.0,8.4,37.0,15.0,,2016
15,41400,"Salem, OH",,,,,,,14.0,4.0,1.0,,,28.0,15.0,0.02,2016
16,44220,"Springfield, OH",,,,,0.08,0.071,6.0,2.0,0.0,18.0,8.4,,,,2016
17,45780,"Toledo, OH",,,,,0.08,0.07,21.0,5.0,1.0,20.0,8.9,,,0.12,2016
18,47920,"Washington Court House, OH",,,,,0.07,0.067,,,,,,,,,2016
19,48260,"Weirton-Steubenville, WV-OH",1.0,0.7,,,0.07,0.067,49.0,20.0,3.0,26.0,12.1,42.0,18.0,,2016
20,48540,"Wheeling, WV-OH",0.8,0.6,44.0,7.0,0.08,0.069,8.0,4.0,2.0,22.0,9.0,122.0,24.0,,2016
21,48940,"Wilmington, OH",,,,,0.08,0.071,,,,,,,,,2016
22,49660,"Youngstown-Warren-Boardman, OH-PA",,,,,0.08,0.071,13.0,4.0,0.0,19.0,8.2,45.0,16.0,,2016
0,10420,"Akron, OH",1.5,0.9,,,0.08,0.066,4.0,1.0,0.0,22.0,8.8,,,,2017
1,11780,"Ashtabula, OH",,,,,0.09,0.069,5.0,3.0,1.0,,,,,,2017
2,11900,"Athens, OH",,,,,,,,,,12.0,6.3,,,,2017
3,15940,"Canton-Massillon, OH",1.5,1.2,,,0.08,0.069,,,,21.0,9.7,,,,2017
4,17140,"Cincinnati, OH-KY-IN",1.6,1.2,51.0,20.0,0.09,0.072,31.0,7.0,1.0,22.0,10.9,59.0,31.0,,2017
5,17460,"Cleveland-Elyria, OH",5.4,3.3,46.0,11.0,0.09,0.073,41.0,14.0,1.0,27.0,11.2,67.0,30.0,0.03,2017
6,18140,"Columbus, OH",1.9,1.6,40.0,11.0,0.08,0.07,3.0,1.0,0.0,22.0,8.8,52.0,22.0,0.01,2017
7,19380,"Dayton, OH",1.9,1.0,,,0.08,0.07,7.0,2.0,0.0,19.0,8.6,34.0,16.0,,2017
8,26580,"Huntington-Ashland, WV-KY-OH",,,30.0,4.0,0.07,0.062,7.0,2.0,1.0,17.0,7.8,34.0,18.0,0.01,2017
9,30620,"Lima, OH",,,,,0.08,0.069,2.0,1.0,0.0,16.0,7.6,,,,2017
10,31930,"Marietta, OH",,,,,0.07,0.062,,,,,,,,0.0,2017
11,32020,"Marion, OH",,,,,,,,,,,,,,0.02,2017
12,34540,"Mount Vernon, OH",,,,,0.07,0.063,,,,,,,,,2017
13,38580,"Point Pleasant, WV-OH",,,,,,,38.0,8.0,2.0,,,,,,2017
14,39020,"Portsmouth, OH",,,,,,,13.0,3.0,1.0,,,25.0,11.0,,2017
15,41400,"Salem, OH",,,,,,,9.0,3.0,1.0,,,27.0,14.0,0.02,2017
16,44220,"Springfield, OH",,,,,0.08,0.068,4.0,2.0,0.0,20.0,8.2,,,,2017
17,45780,"Toledo, OH",,,,,0.08,0.069,14.0,3.0,0.0,20.0,8.3,,,0.11,2017
18,47920,"Washington Court House, OH",,,,,0.07,0.066,,,,,,,,,2017
19,48260,"Weirton-Steubenville, WV-OH",,,,,0.07,0.062,34.0,14.0,3.0,22.0,9.2,39.0,18.0,,2017
20,48540,"Wheeling, WV-OH",0.7,0.5,28.0,7.0,0.08,0.065,7.0,3.0,2.0,21.0,9.3,43.0,18.0,,2017
21,48940,"Wilmington, OH",,,,,0.08,0.07,,,,,,,,,2017
22,49660,"Youngstown-Warren-Boardman, OH-PA",,,,,0.08,0.068,4.0,2.0,0.0,23.0,11.8,32.0,17.0,,2017
0,10420,"Akron, OH",,1.4,,,,,,,,,,,,,2018
1,15940,"Canton-Massillon, OH",,0.9,,,,,,,,,,,,,2018
2,17140,"Cincinnati, OH-KY-IN",,1.1,,,,,,,,,,,,,2018
3,17460,"Cleveland-Elyria, OH",,1.4,,,,,,,,,,,,,2018
4,18140,"Columbus, OH",,1.2,,,,,,,,,,,,,2018
5,19380,"Dayton, OH",,0.9,,,,,,,,,,,,,2018
6,48540,"Wheeling, WV-OH",,0.5,,,,,,,,,,,,,2018
