year,month,country,product,kilos,dollars
2010,01,CHINA,EELS FROZEN,49087,393583
2010,01,JAPAN,EELS FRESH,263,7651
2010,01,TAIWAN,EELS FROZEN,9979,116359
2010,01,VIETNAM,EELS FRESH,1938,10851
2010,01,VIETNAM,EELS FROZEN,21851,69955
2010,02,CHINA,EELS FROZEN,20600,234486
2010,02,PORTUGAL,EELS FRESH,537,6301
2010,02,TAIWAN,EELS FROZEN,11974,141474
2010,02,THAILAND,EELS FROZEN,810,3348
2010,02,VIETNAM,EELS FRESH,1633,9745
2010,03,CHINA,EELS FROZEN,18989,52740
2010,03,JAPAN,EELS FROZEN,93,2159
2010,03,PORTUGAL,EELS FRESH,160,2080
2010,03,PORTUGAL,EELS FROZEN,332,4818
2010,03,SOUTH KOREA,EELS FROZEN,14180,158816
2010,03,TAIWAN,EELS FROZEN,5987,77424
2010,03,VIETNAM,EELS FRESH,1042,6326
2010,03,VIETNAM,EELS FROZEN,5497,19790
2010,04,CHINA,EELS FROZEN,30000,216000
2010,04,JAPAN,EELS FRESH,266,13357
2010,04,TAIWAN,EELS FROZEN,14968,185425
2010,04,VIETNAM,EELS FRESH,1056,6405
2010,05,CHINA,EELS FROZEN,40022,560651
2010,05,JAPAN,EELS FROZEN,93,2130
2010,05,SOUTH KOREA,EELS FROZEN,2860,32461
2010,05,TAIWAN,EELS FROZEN,5987,96165
2010,05,VIETNAM,EELS FROZEN,8872,20848
2010,06,CHINA,EELS FROZEN,32315,325802
2010,06,JAPAN,EELS FRESH,122,5721
2010,06,VIETNAM,EELS FRESH,379,2246
2010,06,VIETNAM,EELS FROZEN,9363,18188
2010,07,CHINA,EELS FROZEN,26880,299629
2010,07,JAPAN,EELS FRESH,64,2050
2010,07,JAPAN,EELS FROZEN,93,2130
2010,07,TAIWAN,EELS FROZEN,10977,139473
2010,08,CHINA,EELS FRESH,10179,14063
2010,08,CHINA,EELS FROZEN,28517,366655
2010,08,JAPAN,EELS FRESH,51,2002
2010,08,VIETNAM,EELS FROZEN,4157,11861
2010,09,CANADA,EELS FROZEN,3866,25488
2010,09,CHINA,EELS FROZEN,41780,474956
2010,09,PORTUGAL,EELS FROZEN,360,2060
2010,09,SOUTH KOREA,EELS FROZEN,299,4488
2010,09,TAIWAN,EELS FROZEN,5987,103038
2010,10,CANADA,EELS FROZEN,7246,52610
2010,10,CHINA,EELS FROZEN,25447,302398
2010,10,JAPAN,EELS FRESH,45,2377
2010,10,JAPAN,EELS FROZEN,187,4798
2010,10,PORTUGAL,EELS FROZEN,292,2159
2010,10,SOUTH KOREA,EELS FROZEN,110,4950
2010,10,TAIWAN,EELS FROZEN,7983,146873
2010,10,THAILAND,EELS FROZEN,1376,4988
2010,10,VIETNAM,EELS FRESH,373,2103
2010,11,CANADA,EELS FROZEN,369,3460
2010,11,CHINA,EELS FROZEN,30948,79231
2010,11,JAPAN,EELS FRESH,49,2953
2010,11,SOUTH KOREA,EELS FROZEN,6000,64283
2010,12,CANADA,EELS FROZEN,2071,18932
2010,12,CHINA,EELS FROZEN,17633,50276
2010,12,PORTUGAL,EELS FROZEN,400,2403
2010,12,SOUTH KOREA,EELS FROZEN,19480,227924
2010,12,THAILAND,EELS FROZEN,680,2805
2010,12,VIETNAM,EELS FROZEN,7557,25651
2011,01,CHINA,EELS FROZEN,29435,409724
2011,01,SOUTH KOREA,EELS FROZEN,19761,233588
2011,01,THAILAND,EELS FROZEN,1067,3900
2011,01,VIETNAM,EELS FROZEN,8344,28115
2011,02,CANADA,EELS FROZEN,1437,14256
2011,02,CHINA,EELS FROZEN,18700,70404
2011,02,JAPAN,EELS FROZEN,234,6125
2011,02,PORTUGAL,EELS FRESH,405,5874
2011,02,THAILAND,EELS FROZEN,1200,4065
2011,02,VIETNAM,EELS FROZEN,1995,8273
2011,03,CANADA,EELS FROZEN,1346,15766
2011,03,CHINA,EELS FROZEN,41651,616934
2011,03,PORTUGAL,EELS FROZEN,432,3497
2011,03,SOUTH KOREA,EELS FROZEN,1000,2047
2011,03,VIETNAM,EELS FROZEN,14179,54191
2011,04,CHINA,EELS FROZEN,7000,26950
2011,04,JAPAN,EELS FRESH,140,8586
2011,04,JAPAN,EELS FROZEN,1158,13569
2011,04,PORTUGAL,EELS FRESH,214,2192
2011,04,PORTUGAL,EELS FROZEN,384,3237
2011,04,SOUTH KOREA,EELS FROZEN,1140,5917
2011,05,CHINA,EELS FRESH,120,3381
2011,05,CHINA,EELS FROZEN,12973,267410
2011,05,JAPAN,EELS FRESH,186,11811
2011,05,JAPAN,EELS FROZEN,187,4755
2011,05,PORTUGAL,EELS FRESH,210,2221
2011,05,SENEGAL,EELS FROZEN,1350,4423
2011,05,VIETNAM,EELS FROZEN,5679,35497
2011,06,CHINA,EELS FROZEN,35504,501611
2011,06,JAPAN,EELS FRESH,50,3414
2011,06,PORTUGAL,EELS FRESH,250,4205
2011,06,PORTUGAL,EELS FROZEN,720,4571
2011,06,SOUTH KOREA,EELS FROZEN,6459,79844
2011,06,VIETNAM,EELS FRESH,506,2075
2011,06,VIETNAM,EELS FROZEN,17818,30902
2011,07,CANADA,EELS FROZEN,11975,92400
2011,07,CHINA,EELS FROZEN,52900,772992
2011,07,JAPAN,EELS FROZEN,150,6160
2011,07,PORTUGAL,EELS FROZEN,237,4830
2011,07,SOUTH KOREA,EELS FROZEN,482,15759
2011,07,THAILAND,EELS FROZEN,1153,4500
2011,07,VIETNAM,EELS FROZEN,13088,63997
2011,08,CHINA,EELS FROZEN,3369,12485
2011,08,JAPAN,EELS FRESH,131,7211
2011,08,SOUTH KOREA,EELS FROZEN,1594,13715
2011,08,THAILAND,EELS FROZEN,1598,6000
2011,08,VIETNAM,EELS FROZEN,17191,62343
2011,09,CANADA,EELS FROZEN,1134,11250
2011,09,CHINA,EELS FROZEN,5000,23100
2011,09,JAPAN,EELS FROZEN,190,8616
2011,09,VIETNAM,EELS FROZEN,14879,47696
2011,10,VIETNAM,EELS FROZEN,19283,96447
2011,11,CANADA,EELS FROZEN,7963,87780
2011,11,CHINA,EELS FROZEN,4600,22540
2011,11,NEW ZEALAND,EELS FRESH,1326,18135
2011,11,SOUTH KOREA,EELS FROZEN,249,2858
2011,11,VIETNAM,EELS FROZEN,12366,51666
2011,12,CANADA,EELS FROZEN,1113,12994
2011,12,CHINA,EELS FROZEN,37980,865738
2011,12,JAPAN,EELS FRESH,83,5536
2011,12,NEW ZEALAND,EELS FRESH,1326,11621
2011,12,PORTUGAL,EELS FRESH,208,2223
2011,12,PORTUGAL,EELS FROZEN,612,3374
2011,12,SOUTH KOREA,EELS FROZEN,10700,131793
2011,12,VIETNAM,EELS FRESH,245,2970
2011,12,VIETNAM,EELS FROZEN,29915,144659
2012,01,CHINA,EELS FROZEN,3880,19012
2012,01,JAPAN,EELS FRESH,42,2219
2012,01,PORTUGAL,EELS FRESH,348,5102
2012,01,SOUTH KOREA,EELS FROZEN,11860,149808
2012,01,THAILAND,EELS FROZEN,3676,15273
2012,01,VIETNAM,EELS FRESH,236,2433
2012,01,VIETNAM,EELS FROZEN,31331,160620
2012,02,CANADA,EELS FROZEN,7903,52272
2012,02,CANADA,EELS STICKS TYPE PRODUCTS NOT COOKED NOT IN OIL,2935,9310
2012,02,CHINA,EELS IN ATC NOT IN OIL,36000,627824
2012,02,CHINA,EELS STICKS TYPE PRODUCTS NOT COOKED NOT IN OIL,1361,6000
2012,02,NEW ZEALAND,EELS FRESH,300,3671
2012,02,PORTUGAL,EELS FRESH,259,2600
2012,02,SOUTH KOREA,EELS IN OIL >7KG,800,6090
2012,02,VIETNAM,EELS FROZEN,14056,46823
2012,03,CANADA,EELS FROZEN,5014,58592
2012,03,CANADA,EELS STICKS TYPE PRODUCTS NOT COOKED NOT IN OIL,1122,6658
2012,03,CHINA,EELS IN ATC NOT IN OIL,135547,3132648
2012,03,CHINA,EELS IN OIL NOT >7KG,1250,10813
2012,03,JAPAN,EELS IN ATC NOT IN OIL,9415,53966
2012,03,JAPAN,EELS IN OIL NOT >7KG,166,4617
2012,03,PORTUGAL,EELS FRESH,733,9125
2012,03,TAIWAN,EELS IN ATC NOT IN OIL,1824,14374
2012,03,VIETNAM,EELS FROZEN,617,2495
2012,04,CANADA,EELS STICKS TYPE PRODUCTS NOT COOKED NOT IN OIL,1199,4579
2012,04,CHINA,EELS FROZEN,17900,567873
2012,04,CHINA,EELS IN ATC NOT IN OIL,98526,3218672
2012,04,CHINA,EELS STICKS TYPE PRODUCTS NOT COOKED NOT IN OIL,1746,6952
2012,04,JAPAN,EELS FRESH,35,2493
2012,04,JAPAN,EELS IN ATC NOT IN OIL,5605,32128
2012,04,POLAND,EELS IN ATC NOT IN OIL,1296,4592
2012,04,PORTUGAL,EELS FROZEN,288,2186
2012,04,SOUTH KOREA,EELS FROZEN,90,2008
2012,04,TAIWAN,EELS IN ATC NOT IN OIL,7018,76286
2012,04,THAILAND,EELS FROZEN,2244,11411
2012,04,VIETNAM,EELS FROZEN,8394,40239
2012,04,VIETNAM,EELS IN OIL NOT >7KG,1896,12097
2012,05,CANADA,EELS FRESH,27144,318000
2012,05,CANADA,EELS STICKS TYPE PRODUCTS NOT COOKED NOT IN OIL,973,6352
2012,05,CHINA,EELS FROZEN,100,2837
2012,05,CHINA,EELS IN ATC NOT IN OIL,186496,5919736
2012,05,CHINA,EELS IN OIL >7KG,1250,11895
2012,05,CHINA,EELS STICKS TYPE PRODUCTS COOKED OR IN OIL,3751,25718
2012,05,JAPAN,EELS IN ATC NOT IN OIL,5612,36703
2012,05,JAPAN,EELS IN OIL NOT >7KG,108,2432
2012,05,SOUTH KOREA,EELS IN OIL NOT >7KG,420,16800
2012,05,TAIWAN,EELS IN ATC NOT IN OIL,17933,63953
2012,05,VIETNAM,EELS FROZEN,5156,13416
2012,06,CANADA,EELS STICKS TYPE PRODUCTS NOT COOKED NOT IN OIL,4968,12917
2012,06,CHINA,EELS IN ATC NOT IN OIL,53460,1604500
2012,06,CHINA,EELS IN OIL NOT >7KG,7200,176040
2012,06,CHINA,EELS STICKS TYPE PRODUCTS COOKED OR IN OIL,2527,18226
2012,06,JAPAN,EELS FRESH,105,6128
2012,06,JAPAN,EELS IN ATC NOT IN OIL,3103,25701
2012,06,JAPAN,EELS IN OIL NOT >7KG,96,3173
2012,06,TAIWAN,EELS IN ATC NOT IN OIL,960,9000
2012,07,CANADA,EELS STICKS TYPE PRODUCTS NOT COOKED NOT IN OIL,6128,11806
2012,07,CHINA,EELS FRESH,7983,278872
2012,07,CHINA,EELS FROZEN,16925,69717
2012,07,CHINA,EELS IN ATC NOT IN OIL,215700,6850258
2012,07,JAPAN,EELS IN ATC NOT IN OIL,3159,18104
2012,07,JAPAN,EELS IN OIL NOT >7KG,251,7982
2012,07,PORTUGAL,EELS FRESH,319,4078
2012,07,SOUTH KOREA,EELS FROZEN,2554,6096
2012,07,THAILAND,EELS FROZEN,1816,8492
2012,07,THAILAND,EELS IN ATC NOT IN OIL,660,5000
2012,07,VIETNAM,EELS FROZEN,1588,14175
2012,07,VIETNAM,EELS IN OIL NOT >7KG,800,3235
2012,08,CANADA,EELS FRESH,499,4675
2012,08,CANADA,EELS FROZEN,1015,8324
2012,08,CANADA,EELS STICKS TYPE PRODUCTS NOT COOKED NOT IN OIL,5760,7346
2012,08,CHINA,EELS FROZEN,23289,317760
2012,08,CHINA,EELS IN ATC NOT IN OIL,212096,3453280
2012,08,JAPAN,EELS FRESH,42,2085
2012,08,JAPAN,EELS IN ATC NOT IN OIL,1464,14651
2012,08,JAPAN,EELS IN OIL NOT >7KG,223,7887
2012,08,TAIWAN,EELS IN ATC NOT IN OIL,15252,156280
2012,08,VIETNAM,EELS FROZEN,13849,54902
2012,09,CANADA,EELS FRESH,793,7438
2012,09,CHINA,EELS FROZEN,1634,6750
2012,09,CHINA,EELS IN ATC NOT IN OIL,151720,2742048
2012,09,CHINA,EELS STICKS TYPE PRODUCTS COOKED OR IN OIL,2241,15832
2012,09,JAPAN,EELS IN ATC NOT IN OIL,106,2749
2012,09,JAPAN,EELS IN OIL NOT >7KG,30,2310
2012,09,SPAIN,EELS FRESH,231,2777
2012,09,TAIWAN,EELS IN ATC NOT IN OIL,1361,2100
2012,09,VIETNAM,EELS FROZEN,1666,5822
2012,10,BANGLADESH,EELS FRESH,13,3186
2012,10,CANADA,EELS FROZEN,2268,25500
2012,10,CANADA,EELS STICKS TYPE PRODUCTS NOT COOKED NOT IN OIL,8119,24111
2012,10,CHINA,EELS FROZEN,8446,28100
2012,10,CHINA,EELS IN ATC NOT IN OIL,53020,1549936
2012,10,CHINA,EELS STICKS TYPE PRODUCTS COOKED OR IN OIL,3926,16527
2012,10,JAPAN,EELS IN ATC NOT IN OIL,1677,24262
2012,10,JAPAN,EELS IN OIL NOT >7KG,274,9418
2012,10,PORTUGAL,EELS FRESH,247,2505
2012,10,TAIWAN,EELS IN ATC NOT IN OIL,3350,25065
2012,10,THAILAND,EELS IN OIL NOT >7KG,1092,4179
2012,10,VIETNAM,EELS FROZEN,6786,32632
2012,11,CANADA,EELS FROZEN,2268,28750
2012,11,CANADA,EELS STICKS TYPE PRODUCTS NOT COOKED NOT IN OIL,25543,65941
2012,11,CHINA,EELS IN ATC NOT IN OIL,102971,3208620
2012,11,JAPAN,EELS IN ATC NOT IN OIL,106,2800
2012,11,JAPAN,EELS IN OIL NOT >7KG,194,8857
2012,11,PORTUGAL,EELS FRESH,385,5561
2012,11,SOUTH KOREA,EELS FROZEN,12422,169015
2012,11,SPAIN,EELS IN ATC NOT IN OIL,746,10683
2012,11,VIETNAM,EELS FROZEN,19595,88380
2012,12,CANADA,EELS FROZEN,980,8640
2012,12,CANADA,EELS STICKS TYPE PRODUCTS NOT COOKED NOT IN OIL,6165,17209
2012,12,CHINA,EELS IN ATC NOT IN OIL,85540,2528320
2012,12,CHINA,EELS STICKS TYPE PRODUCTS COOKED OR IN OIL,907,6300
2012,12,JAPAN,EELS IN OIL NOT >7KG,442,13754
2012,12,NEW ZEALAND,EELS FRESH,600,7937
2012,12,TAIWAN,EELS IN ATC NOT IN OIL,6076,34797
2012,12,VIETNAM,EELS FROZEN,11143,63080
2012,12,VIETNAM,EELS IN OIL NOT >7KG,950,8648
2013,01,CHINA,EELS FROZEN,3461,15000
2013,01,CHINA,EELS IN ATC NOT IN OIL,73451,1815394
2013,01,JAPAN,EELS IN ATC NOT IN OIL,120,4004
2013,01,PORTUGAL,EELS IN ATC NOT IN OIL,348,8999
2013,01,SOUTH KOREA,EELS FROZEN,12572,174557
2013,01,TAIWAN,EELS IN ATC NOT IN OIL,2715,24931
2013,01,THAILAND,EELS FROZEN,2672,14696
2013,01,VIETNAM,EELS FROZEN,1912,7563
2013,02,CANADA,EELS FROZEN,7245,91839
2013,02,CANADA,EELS STICKS TYPE PRODUCTS NOT COOKED NOT IN OIL,1074,6904
2013,02,CHINA,EELS IN ATC NOT IN OIL,74000,2038354
2013,02,CHINA,EELS STICKS TYPE PRODUCTS COOKED OR IN OIL,1202,7998
2013,02,JAPAN,EELS IN ATC NOT IN OIL,39919,232614
2013,02,JAPAN,EELS IN OIL NOT >7KG,173,5304
2013,02,SOUTH KOREA,EELS FROZEN,12000,162000
2013,02,TAIWAN,EELS IN ATC NOT IN OIL,480,4499
2013,02,THAILAND,EELS FROZEN,1816,8588
2013,02,VIETNAM,EELS FROZEN,7607,28110
2013,03,CANADA,EELS FROZEN,5907,58592
2013,03,CANADA,EELS STICKS TYPE PRODUCTS NOT COOKED NOT IN OIL,4119,6736
2013,03,CHINA,EELS FROZEN,5176,19380
2013,03,CHINA,EELS IN ATC NOT IN OIL,78109,2097915
2013,03,CHINA,EELS IN OIL >7KG,1250,11970
2013,03,JAPAN,EELS IN ATC NOT IN OIL,4280,32965
2013,03,JAPAN,EELS IN OIL NOT >7KG,165,6538
2013,03,NORWAY,EELS STICKS TYPE PRODUCTS COOKED OR IN OIL,3856,26775
2013,03,PORTUGAL,EELS FRESH,482,4828
2013,03,PORTUGAL,EELS FROZEN,348,2829
2013,03,SOUTH KOREA,EELS FROZEN,1199,17160
2013,03,VIETNAM,EELS FROZEN,1830,7478
2013,04,CANADA,EELS STICKS TYPE PRODUCTS NOT COOKED NOT IN OIL,13835,48943
2013,04,CHINA,EELS IN ATC NOT IN OIL,60600,1604500
2013,04,JAPAN,EELS IN ATC NOT IN OIL,41033,235200
2013,04,NORWAY,EELS STICKS TYPE PRODUCTS COOKED OR IN OIL,1061,7371
2013,04,SOUTH KOREA,EELS IN OIL NOT >7KG,854,10669
2013,04,TAIWAN,EELS IN ATC NOT IN OIL,2057,16119
2013,05,CHINA,EELS IN ATC NOT IN OIL,122000,3199315
2013,05,CHINA,EELS IN OIL NOT >7KG,1630,43488
2013,05,CHINA,EELS STICKS TYPE PRODUCTS COOKED OR IN OIL,3175,22050
2013,05,JAPAN,EELS FROZEN,106,2196
2013,05,JAPAN,EELS IN ATC NOT IN OIL,157,8269
2013,05,JAPAN,EELS IN OIL NOT >7KG,115,3301
2013,05,NORWAY,EELS STICKS TYPE PRODUCTS COOKED OR IN OIL,10206,73125
2013,05,SOUTH KOREA,EELS IN OIL >7KG,220,3901
2013,05,TAIWAN,EELS IN ATC NOT IN OIL,3702,27433
2013,05,VIETNAM,EELS FROZEN,15741,67768
2013,05,VIETNAM,EELS IN OIL NOT >7KG,1300,8686
2013,06,CHINA,EELS FROZEN,23270,325800
2013,06,CHINA,EELS IN ATC NOT IN OIL,81101,1977395
2013,06,JAPAN,EELS IN ATC NOT IN OIL,13083,77302
2013,06,JAPAN,EELS IN OIL NOT >7KG,313,7899
2013,06,PORTUGAL,EELS FRESH,143,2050
2013,06,TAIWAN,EELS IN OIL NOT >7KG,1616,18238
2013,06,VIETNAM,EELS FROZEN,31129,131161
2013,07,CANADA,EELS FROZEN,1003,13045
2013,07,CANADA,EELS STICKS TYPE PRODUCTS NOT COOKED NOT IN OIL,374,2161
2013,07,CHINA,EELS FROZEN,2140,12241
2013,07,CHINA,EELS IN ATC NOT IN OIL,52000,913100
2013,07,CHINA,EELS IN OIL >7KG,1000,9576
2013,07,JAPAN,EELS IN ATC NOT IN OIL,277,6685
2013,07,JAPAN,EELS IN OIL NOT >7KG,543,24775
2013,07,MEXICO,EELS FROZEN,4000,24000
2013,07,PHILIPPINES,EELS IN OIL NOT >7KG,610,4590
2013,07,TAIWAN,EELS IN ATC NOT IN OIL,4255,16661
2013,07,VIETNAM,EELS FROZEN,17582,79273
2013,08,CANADA,EELS FROZEN,975,14513
2013,08,CANADA,EELS STICKS TYPE PRODUCTS NOT COOKED NOT IN OIL,1533,4356
2013,08,CHINA,EELS IN ATC NOT IN OIL,60672,1505491
2013,08,JAPAN,EELS IN ATC NOT IN OIL,362,14203
2013,08,JAPAN,EELS IN OIL NOT >7KG,244,7521
2013,08,TAIWAN,EELS IN ATC NOT IN OIL,4896,18171
2013,09,CANADA,EELS STICKS TYPE PRODUCTS NOT COOKED NOT IN OIL,1203,6807
2013,09,CHINA,EELS IN ATC NOT IN OIL,96632,2298962
2013,09,JAPAN,EELS IN OIL NOT >7KG,252,10666
2013,09,NORWAY,EELS STICKS TYPE PRODUCTS COOKED OR IN OIL,2268,16500
2013,09,PAKISTAN,EELS FROZEN,22453,67353
2013,09,PANAMA,EELS FROZEN,11849,17030
2013,09,SOUTH KOREA,EELS IN OIL NOT >7KG,408,7171
2013,09,TAIWAN,EELS IN ATC NOT IN OIL,1459,14017
2013,09,VIETNAM,EELS FROZEN,7129,42321
2013,10,CANADA,EELS FROZEN,1814,22000
2013,10,CHINA,EELS FROZEN,17998,440725
2013,10,CHINA,EELS IN ATC NOT IN OIL,144508,3182085
2013,10,JAPAN,EELS IN ATC NOT IN OIL,3559,60190
2013,10,JAPAN,EELS IN OIL NOT >7KG,225,7558
2013,10,TAIWAN,EELS IN ATC NOT IN OIL,2780,21281
2013,11,CANADA,EELS FROZEN,907,11000
2013,11,CANADA,EELS STICKS TYPE PRODUCTS NOT COOKED NOT IN OIL,3881,22910
2013,11,CHINA,EELS FROZEN,13281,45026
2013,11,CHINA,EELS IN ATC NOT IN OIL,69420,1727231
2013,11,JAPAN,EELS IN OIL NOT >7KG,576,17332
2013,11,PORTUGAL,EELS FRESH,355,4351
2013,11,PORTUGAL,EELS FROZEN,365,4254
2013,11,SOUTH KOREA,EELS IN OIL NOT >7KG,100,3050
2013,11,TAIWAN,EELS IN ATC NOT IN OIL,6942,32958
2013,11,VIETNAM,EELS FROZEN,8947,42363
2013,12,CANADA,EELS FROZEN,585,3294
2013,12,CHINA,EELS FROZEN,6959,25546
2013,12,CHINA,EELS IN ATC NOT IN OIL,97100,2433981
2013,12,JAPAN,EELS IN OIL NOT >7KG,256,6147
2013,12,NEW ZEALAND,EELS FRESH,270,2976
2013,12,SPAIN,EELS IN ATC NOT IN OIL,275,4125
2013,12,TAIWAN,EELS IN ATC NOT IN OIL,8850,53106
2013,12,VIETNAM,EELS FROZEN,7651,27209
2014,01,CANADA,EELS STICKS TYPE PRODUCTS NOT COOKED NOT IN OIL,7252,16087
2014,01,CHILE,EELS IN ATC NOT IN OIL,5583,32000
2014,01,CHINA,EELS FROZEN,10079,37869
2014,01,CHINA,EELS IN ATC NOT IN OIL,74000,1900034
2014,01,JAPAN,EELS IN ATC NOT IN OIL,57,3274
2014,01,JAPAN,EELS IN OIL NOT >7KG,115,3242
2014,01,PORTUGAL,EELS FRESH,315,5229
2014,01,SOUTH KOREA,EELS FROZEN,12374,170500
2014,01,TAIWAN,EELS IN ATC NOT IN OIL,2330,11277
2014,01,VIETNAM,EELS FROZEN,10268,44977
2014,02,CANADA,EELS STICKS TYPE PRODUCTS NOT COOKED NOT IN OIL,1161,7194
2014,02,CHILE,EELS IN ATC NOT IN OIL,602,28680
2014,02,CHINA,EELS IN ATC NOT IN OIL,79280,1575589
2014,02,JAPAN,EELS IN ATC NOT IN OIL,429,8066
2014,02,JAPAN,EELS IN OIL NOT >7KG,115,3242
2014,02,PORTUGAL,EELS FROZEN,528,3097
2014,02,TAIWAN,EELS IN ATC NOT IN OIL,1773,11641
2014,02,THAILAND,EELS IN ATC NOT IN OIL,740,5950
2014,02,VIETNAM,EELS FROZEN,2543,11827
2014,03,CANADA,EELS STICKS TYPE PRODUCTS NOT COOKED NOT IN OIL,2396,13858
2014,03,CHINA,EELS IN ATC NOT IN OIL,67100,1564576
2014,03,JAPAN,EELS IN ATC NOT IN OIL,223,12073
2014,03,JAPAN,EELS IN OIL NOT >7KG,89,8350
2014,03,PORTUGAL,EELS FRESH,436,4398
2014,03,PORTUGAL,EELS IN ATC NOT IN OIL,60,2444
2014,03,SPAIN,EELS IN OIL NOT >7KG,172,2414
2014,03,TAIWAN,EELS IN ATC NOT IN OIL,2553,12380
2014,03,VIETNAM,EELS FRESH,319,2061
2014,04,CANADA,EELS FROZEN,389,5792
2014,04,CANADA,EELS STICKS TYPE PRODUCTS NOT COOKED NOT IN OIL,997,6078
2014,04,CHINA,EELS FROZEN,18000,489066
2014,04,CHINA,EELS IN ATC NOT IN OIL,99600,1913644
2014,04,JAPAN,EELS FROZEN,30,2515
2014,04,JAPAN,EELS IN ATC NOT IN OIL,38,3688
2014,04,JAPAN,EELS IN OIL NOT >7KG,145,6507
2014,04,PORTUGAL,EELS FRESH,1881,15447
2014,04,PORTUGAL,EELS FROZEN,614,2927
2014,04,TAIWAN,EELS IN ATC NOT IN OIL,2010,14547
2014,05,CANADA,EELS STICKS TYPE PRODUCTS NOT COOKED NOT IN OIL,374,2269
2014,05,CHINA,EELS FROZEN,8000,74103
2014,05,CHINA,EELS IN ATC NOT IN OIL,51680,865221
2014,05,JAPAN,EELS FRESH,2421,28358
2014,05,JAPAN,EELS IN OIL NOT >7KG,293,8463
2014,05,SOUTH KOREA,EELS FROZEN,2994,40920
2014,05,TAIWAN,EELS IN ATC NOT IN OIL,2352,20467
2014,05,THAILAND,EELS FROZEN,500,4055
2014,05,VIETNAM,EELS IN OIL NOT >7KG,1600,10754
2014,06,CANADA,EELS STICKS TYPE PRODUCTS NOT COOKED NOT IN OIL,2572,11946
2014,06,CHINA,EELS IN ATC NOT IN OIL,130500,2426572
2014,06,JAPAN,EELS IN ATC NOT IN OIL,18615,116247
2014,06,JAPAN,EELS IN OIL NOT >7KG,110,2591
2014,06,PORTUGAL,EELS FRESH,239,2385
2014,06,SOUTH KOREA,EELS IN ATC NOT IN OIL,10000,230000
2014,06,TAIWAN,EELS IN ATC NOT IN OIL,12409,75270
2014,06,THAILAND,EELS FROZEN,13870,52000
2014,07,CANADA,EELS STICKS TYPE PRODUCTS NOT COOKED NOT IN OIL,1347,7054
2014,07,CHINA,EELS FROZEN,21000,418207
2014,07,CHINA,EELS IN ATC NOT IN OIL,180526,3249519
2014,07,CHINA,EELS IN OIL NOT >7KG,500,10388
2014,07,JAPAN,EELS IN OIL NOT >7KG,290,12839
2014,07,POLAND,EELS IN ATC NOT IN OIL,864,3457
2014,07,PORTUGAL,EELS FROZEN,1230,7102
2014,07,TAIWAN,EELS IN ATC NOT IN OIL,20452,305147
2014,07,VIETNAM,EELS FROZEN,8628,29936
2014,08,CANADA,EELS STICKS TYPE PRODUCTS NOT COOKED NOT IN OIL,643,2393
2014,08,CHINA,EELS FROZEN,23820,297500
2014,08,CHINA,EELS IN ATC NOT IN OIL,146524,2731330
2014,08,JAPAN,EELS FRESH,156,4271
2014,08,JAPAN,EELS IN ATC NOT IN OIL,2398,32958
2014,08,JAPAN,EELS IN OIL NOT >7KG,235,6852
2014,08,PORTUGAL,EELS FROZEN,400,3707
2014,08,PORTUGAL,EELS IN ATC NOT IN OIL,60,2878
2014,08,SOUTH KOREA,EELS IN OIL NOT >7KG,240,4723
2014,08,TAIWAN,EELS IN ATC NOT IN OIL,4651,13515
2014,09,CANADA,EELS STICKS TYPE PRODUCTS NOT COOKED NOT IN OIL,399,2552
2014,09,CHINA,EELS FROZEN,48003,504015
2014,09,CHINA,EELS IN ATC NOT IN OIL,193808,4377414
2014,09,CHINA,EELS IN OIL NOT >7KG,120,3676
2014,09,TAIWAN,EELS IN ATC NOT IN OIL,4520,28144
2014,10,CANADA,EELS FROZEN,2694,34155
2014,10,CANADA,EELS STICKS TYPE PRODUCTS NOT COOKED NOT IN OIL,3705,23947
2014,10,CHINA,EELS FROZEN,15000,298530
2014,10,CHINA,EELS IN ATC NOT IN OIL,174990,3444247
2014,10,JAPAN,EELS IN ATC NOT IN OIL,337,11987
2014,10,JAPAN,EELS IN OIL NOT >7KG,150,5326
2014,10,SPAIN,EELS FROZEN,383,4860
2014,10,SPAIN,EELS IN ATC NOT IN OIL,138,2063
2014,10,SPAIN,EELS IN OIL NOT >7KG,256,2055
2014,10,TAIWAN,EELS IN ATC NOT IN OIL,10556,75782
2014,10,VIETNAM,EELS FROZEN,3613,12493
2014,11,CANADA,EELS FROZEN,3465,36420
2014,11,CANADA,EELS STICKS TYPE PRODUCTS NOT COOKED NOT IN OIL,2264,14660
2014,11,CHINA,EELS FROZEN,16600,246500
2014,11,CHINA,EELS IN ATC NOT IN OIL,154860,2598047
2014,11,JAPAN,EELS FRESH,42,2896
2014,11,JAPAN,EELS IN ATC NOT IN OIL,6802,47909
2014,11,JAPAN,EELS IN OIL NOT >7KG,230,6661
2014,11,SOUTH KOREA,EELS FROZEN,5993,74400
2014,11,TAIWAN,EELS IN ATC NOT IN OIL,19872,94869
2014,11,VIETNAM,EELS FROZEN,600,2400
2014,12,CANADA,EELS FROZEN,1888,22533
2014,12,CHINA,EELS FROZEN,22650,108720
2014,12,CHINA,EELS IN ATC NOT IN OIL,216500,2862050
2014,12,JAPAN,EELS IN ATC NOT IN OIL,6807,41908
2014,12,JAPAN,EELS STICKS TYPE PRODUCTS COOKED OR IN OIL,50,3174
2014,12,PORTUGAL,EELS FROZEN,1100,7150
2014,12,PORTUGAL,EELS IN ATC NOT IN OIL,352,5610
2014,12,SOUTH KOREA,EELS FROZEN,6107,77149
2014,12,SPAIN,EELS IN ATC NOT IN OIL,70,2567
2014,12,VIETNAM,EELS FROZEN,10541,57310
2015,01,CANADA,EELS FROZEN,3592,41560
2015,01,CANADA,EELS STICKS TYPE PRODUCTS NOT COOKED NOT IN OIL,748,4827
2015,01,CHINA,EELS FROZEN,1090,6500
2015,01,CHINA,EELS IN ATC NOT IN OIL,117500,2103765
2015,01,CHINA,EELS IN OIL NOT >7KG,84000,730800
2015,01,JAPAN,EELS FRESH,42,2962
2015,01,JAPAN,EELS IN ATC NOT IN OIL,15623,89547
2015,01,JAPAN,EELS IN OIL NOT >7KG,324,12844
2015,01,PORTUGAL,EELS FRESH,317,4434
2015,01,THAILAND,EELS FROZEN,20102,71808
2015,01,VIETNAM,EELS FROZEN,5940,24228
2015,02,CHINA,EELS IN ATC NOT IN OIL,280330,3945426
2015,02,CHINA,EELS IN OIL NOT >7KG,72000,626400
2015,02,JAPAN,EELS IN ATC NOT IN OIL,1128,11886
2015,02,PORTUGAL,EELS FRESH,479,4826
2015,02,TAIWAN,EELS IN ATC NOT IN OIL,4538,14788
2015,02,VIETNAM,EELS FROZEN,4683,14594
2015,03,CANADA,EELS STICKS TYPE PRODUCTS NOT COOKED NOT IN OIL,1773,11715
2015,03,CHINA,EELS IN ATC NOT IN OIL,349476,5617130
2015,03,CHINA,EELS IN OIL NOT >7KG,108000,939600
2015,03,JAPAN,EELS IN ATC NOT IN OIL,3934,22553
2015,03,JAPAN,EELS IN OIL NOT >7KG,414,12756
2015,03,JAPAN,EELS STICKS TYPE PRODUCTS COOKED OR IN OIL,50,3222
2015,03,PORTUGAL,EELS FRESH,1182,12773
2015,03,TAIWAN,EELS IN ATC NOT IN OIL,3637,26807
2015,03,VIETNAM,EELS FROZEN,5669,34082
2015,04,CANADA,EELS STICKS TYPE PRODUCTS NOT COOKED NOT IN OIL,1496,9901
2015,04,CHINA,EELS IN ATC NOT IN OIL,193850,2840624
2015,04,CHINA,EELS IN OIL NOT >7KG,99000,700800
2015,04,JAPAN,EELS IN ATC NOT IN OIL,1119,13844
2015,04,PORTUGAL,EELS FRESH,530,4768
2015,04,SOUTH KOREA,EELS FROZEN,1997,24236
2015,04,TAIWAN,EELS IN ATC NOT IN OIL,12473,69882
2015,04,VIETNAM,EELS FROZEN,3180,11761
2015,05,BANGLADESH,EELS FROZEN,300,2223
2015,05,CANADA,EELS STICKS TYPE PRODUCTS NOT COOKED NOT IN OIL,1539,10321
2015,05,CHINA,EELS FROZEN,4496,20815
2015,05,CHINA,EELS IN ATC NOT IN OIL,328495,4635445
2015,05,CHINA,EELS IN OIL NOT >7KG,84000,576100
2015,05,CHINA,EELS STICKS TYPE PRODUCTS COOKED OR IN OIL,16789,73800
2015,05,JAPAN,EELS IN ATC NOT IN OIL,8119,54158
2015,05,JAPAN,EELS IN OIL NOT >7KG,366,9301
2015,05,MEXICO,EELS STICKS TYPE PRODUCTS NOT COOKED NOT IN OIL,11553,38205
2015,05,PORTUGAL,EELS FRESH,838,7540
2015,05,SOUTH KOREA,EELS FROZEN,260,11528
2015,05,TAIWAN,EELS IN ATC NOT IN OIL,11536,50414
2015,06,CANADA,EELS STICKS TYPE PRODUCTS NOT COOKED NOT IN OIL,1122,7549
2015,06,CHINA,EELS FROZEN,3395,15750
2015,06,CHINA,EELS IN ATC NOT IN OIL,412322,5307029
2015,06,CHINA,EELS IN OIL NOT >7KG,249000,1686900
2015,06,JAPAN,EELS IN ATC NOT IN OIL,8912,62854
2015,06,JAPAN,EELS IN OIL NOT >7KG,120,2528
2015,06,MEXICO,EELS STICKS TYPE PRODUCTS NOT COOKED NOT IN OIL,5307,17550
2015,06,PORTUGAL,EELS FRESH,1101,9900
2015,06,PORTUGAL,EELS IN ATC NOT IN OIL,126,4198
2015,06,SOUTH KOREA,EELS IN ATC NOT IN OIL,92,2544
2015,06,TAIWAN,EELS IN ATC NOT IN OIL,3190,31247
2015,07,BANGLADESH,EELS FROZEN,300,2330
2015,07,CANADA,EELS STICKS TYPE PRODUCTS NOT COOKED NOT IN OIL,2063,9617
2015,07,CHINA,EELS IN ATC NOT IN OIL,427935,6317570
2015,07,CHINA,EELS IN OIL NOT >7KG,105736,679200
2015,07,JAPAN,EELS IN ATC NOT IN OIL,4846,50556
2015,07,PORTUGAL,EELS FRESH,530,4767
2015,07,TAIWAN,EELS IN ATC NOT IN OIL,480,4403
2015,07,VIETNAM,EELS FROZEN,446,2149
2015,08,CANADA,EELS FROZEN,3825,44273
2015,08,CANADA,EELS STICKS TYPE PRODUCTS NOT COOKED NOT IN OIL,654,4395
2015,08,CHINA,EELS FROZEN,37273,528710
2015,08,CHINA,EELS IN ATC NOT IN OIL,373768,6052736
2015,08,CHINA,EELS IN OIL >7KG,9900,171250
2015,08,CHINA,EELS IN OIL NOT >7KG,104736,686400
2015,08,JAPAN,EELS IN ATC NOT IN OIL,6519,37362
2015,08,PORTUGAL,EELS FRESH,226,2038
2015,08,SOUTH KOREA,EELS IN OIL NOT >7KG,180,5067
2015,08,TAIWAN,EELS IN ATC NOT IN OIL,4878,16658
2015,09,CHINA,EELS FROZEN,2179,11600
2015,09,CHINA,EELS IN ATC NOT IN OIL,119966,1875861
2015,09,CHINA,EELS IN OIL NOT >7KG,63000,378000
2015,09,JAPAN,EELS IN ATC NOT IN OIL,4542,34024
2015,09,JAPAN,EELS STICKS TYPE PRODUCTS COOKED OR IN OIL,50,3616
2015,09,PORTUGAL,EELS FRESH,261,2350
2015,09,SOUTH KOREA,EELS FROZEN,4633,58602
2015,09,SOUTH KOREA,EELS IN OIL NOT >7KG,180,4862
2015,09,TAIWAN,EELS IN ATC NOT IN OIL,1056,5353
2015,09,VIETNAM,EELS FROZEN,2737,9243
2015,10,CANADA,EELS STICKS TYPE PRODUCTS NOT COOKED NOT IN OIL,3667,19305
2015,10,CHINA,EELS FROZEN,2724,8750
2015,10,CHINA,EELS IN ATC NOT IN OIL,234736,3385009
2015,10,CHINA,EELS IN OIL NOT >7KG,169000,1026600
2015,10,CHINA,EELS STICKS TYPE PRODUCTS COOKED OR IN OIL,18596,80100
2015,10,JAPAN,EELS FRESH,90,4014
2015,10,JAPAN,EELS IN ATC NOT IN OIL,6608,43234
2015,10,JAPAN,EELS IN OIL NOT >7KG,65,2120
2015,10,PORTUGAL,EELS FRESH,304,2735
2015,10,PORTUGAL,EELS IN ATC NOT IN OIL,53,2028
2015,10,SOUTH KOREA,EELS IN OIL NOT >7KG,160,2771
2015,10,SPAIN,EELS IN ATC NOT IN OIL,127,3266
2015,10,TAIWAN,EELS IN ATC NOT IN OIL,916,4479
2015,10,VIETNAM,EELS FROZEN,4754,22532
2015,10,VIETNAM,EELS STICKS TYPE PRODUCTS COOKED OR IN OIL,4472,17748
2015,11,CANADA,EELS FROZEN,4124,55348
2015,11,CANADA,EELS STICKS TYPE PRODUCTS NOT COOKED NOT IN OIL,2544,13931
2015,11,CHINA,EELS IN ATC NOT IN OIL,109940,1736744
2015,11,CHINA,EELS IN OIL NOT >7KG,60000,360000
2015,11,JAPAN,EELS FRESH,45,2007
2015,11,JAPAN,EELS IN ATC NOT IN OIL,5120,43102
2015,11,PORTUGAL,EELS FRESH,639,7948
2015,11,PORTUGAL,EELS IN ATC NOT IN OIL,1125,23479
2015,11,SPAIN,EELS IN ATC NOT IN OIL,100,3161
2015,11,TAIWAN,EELS IN ATC NOT IN OIL,1954,11929
2015,11,THAILAND,EELS FROZEN,21294,65736
2015,11,VIETNAM,EELS FROZEN,3154,20413
2015,11,VIETNAM,EELS IN OIL NOT >7KG,800,9366
2015,12,CANADA,EELS FROZEN,724,9287
2015,12,CANADA,EELS STICKS TYPE PRODUCTS NOT COOKED NOT IN OIL,748,5280
2015,12,CHINA,EELS FROZEN,3650,31825
2015,12,CHINA,EELS IN ATC NOT IN OIL,338000,4608544
2015,12,CHINA,EELS IN OIL >7KG,3000,49500
2015,12,CHINA,EELS IN OIL NOT >7KG,126000,756000
2015,12,JAPAN,EELS IN ATC NOT IN OIL,1663,29528
2015,12,PORTUGAL,EELS FRESH,302,2721
2015,12,SOUTH KOREA,EELS IN OIL NOT >7KG,884,8050
2015,12,SPAIN,EELS IN OIL NOT >7KG,492,2827
2015,12,TAIWAN,EELS IN ATC NOT IN OIL,3614,30743
2015,12,THAILAND,EELS IN ATC NOT IN OIL,375,3018
2015,12,VIETNAM,EELS FROZEN,524,4838
2015,12,VIETNAM,EELS IN OIL NOT >7KG,500,3189
2016,01,BURMA,EELS FROZEN,699,2796
2016,01,CANADA,EELS FROZEN,2400,26455
2016,01,CANADA,EELS STICKS TYPE PRODUCTS NOT COOKED NOT IN OIL,748,5033
2016,01,CHINA,EELS FROZEN,3977,17520
2016,01,CHINA,EELS IN ATC NOT IN OIL,293963,3953262
2016,01,CHINA,EELS IN OIL NOT >7KG,21000,126000
2016,01,JAPAN,EELS FRESH,156,6856
2016,01,JAPAN,EELS IN ATC NOT IN OIL,6196,52565
2016,01,PORTUGAL,EELS FRESH,390,3672
2016,01,SOUTH KOREA,EELS FROZEN,1400,4937
2016,01,SOUTH KOREA,EELS IN OIL NOT >7KG,468,13106
2016,01,TAIWAN,EELS IN ATC NOT IN OIL,12720,82863
2016,01,THAILAND,EELS FROZEN,14111,48944
2016,01,UKRAINE,EELS IN ATC NOT IN OIL,7934,12747
2016,01,VIETNAM,EELS FROZEN,11253,49383
2016,02,CANADA,EELS FROZEN,1323,9394
2016,02,CANADA,EELS STICKS TYPE PRODUCTS NOT COOKED NOT IN OIL,763,5184
2016,02,CHINA,EELS IN ATC NOT IN OIL,321892,4183444
2016,02,CHINA,EELS IN OIL >7KG,18600,418500
2016,02,CHINA,EELS IN OIL NOT >7KG,114000,685800
2016,02,JAPAN,EELS FRESH,121,3561
2016,02,JAPAN,EELS IN ATC NOT IN OIL,4245,36120
2016,02,PORTUGAL,EELS FRESH,1199,11093
2016,02,SOUTH KOREA,EELS FROZEN,3772,49896
2016,02,SOUTH KOREA,EELS IN OIL NOT >7KG,5006,28115
2016,02,TAIWAN,EELS IN ATC NOT IN OIL,4735,25795
2016,02,VIETNAM,EELS FROZEN,15833,86205
2016,03,CANADA,EELS FROZEN,2395,27720
2016,03,CANADA,EELS STICKS TYPE PRODUCTS NOT COOKED NOT IN OIL,1746,12375
2016,03,CHINA,EELS IN ATC NOT IN OIL,169200,2241759
2016,03,CHINA,EELS IN OIL NOT >7KG,84000,504000
2016,03,JAPAN,EELS IN ATC NOT IN OIL,3136,34801
2016,03,PORTUGAL,EELS FRESH,1248,14709
2016,03,SOUTH KOREA,EELS FROZEN,495,7216
2016,03,SOUTH KOREA,EELS IN ATC NOT IN OIL,1269,19271
2016,03,TAIWAN,EELS IN ATC NOT IN OIL,2484,6833
2016,04,CANADA,EELS FROZEN,1740,17262
2016,04,CANADA,EELS STICKS TYPE PRODUCTS NOT COOKED NOT IN OIL,399,2192
2016,04,CHINA,EELS IN ATC NOT IN OIL,296900,3824663
2016,04,CHINA,EELS IN OIL NOT >7KG,84000,504000
2016,04,JAPAN,EELS FRESH,90,4284
2016,04,JAPAN,EELS IN OIL NOT >7KG,120,9672
2016,04,PORTUGAL,EELS FRESH,532,4972
2016,04,SOUTH KOREA,EELS IN ATC NOT IN OIL,998,15398
2016,04,SPAIN,EELS FROZEN,591,4298
2016,04,TAIWAN,EELS IN ATC NOT IN OIL,7494,36255
2016,04,VIETNAM,EELS FROZEN,1128,11586
2016,05,CANADA,EELS FRESH,454,4625
2016,05,CANADA,EELS FROZEN,1370,30200
2016,05,CANADA,EELS STICKS TYPE PRODUCTS NOT COOKED NOT IN OIL,2822,16178
2016,05,CHINA,EELS FRESH,4640,104680
2016,05,CHINA,EELS IN ATC NOT IN OIL,427013,5520007
2016,05,CHINA,EELS IN OIL NOT >7KG,126600,767838
2016,05,CHINA - HONG KONG,EELS STICKS TYPE PRODUCTS COOKED OR IN OIL,735,3672
2016,05,COSTA RICA,EELS STICKS TYPE PRODUCTS COOKED OR IN OIL,563,3716
2016,05,JAPAN,EELS IN ATC NOT IN OIL,14204,110000
2016,05,JAPAN,EELS IN OIL NOT >7KG,266,9622
2016,05,PORTUGAL,EELS FRESH,812,7881
2016,05,PORTUGAL,EELS FROZEN,1058,5401
2016,05,SOUTH KOREA,EELS IN OIL NOT >7KG,168,2288
2016,05,SPAIN,EELS IN ATC NOT IN OIL,278,3255
2016,05,TAIWAN,EELS IN ATC NOT IN OIL,5869,31004
2016,05,TAIWAN,EELS IN OIL NOT >7KG,4000,185664
2016,05,VIETNAM,EELS FROZEN,2171,10878
2016,05,VIETNAM,EELS STICKS TYPE PRODUCTS NOT COOKED NOT IN OIL,16506,103911
2016,06,CANADA,EELS FRESH,567,7500
2016,06,CANADA,EELS STICKS TYPE PRODUCTS NOT COOKED NOT IN OIL,2742,10217
2016,06,CHINA,EELS IN ATC NOT IN OIL,331200,3783325
2016,06,CHINA,EELS IN OIL NOT >7KG,42000,252000
2016,06,JAPAN,EELS FRESH,103,9127
2016,06,JAPAN,EELS IN ATC NOT IN OIL,12599,103172
2016,06,PORTUGAL,EELS FRESH,513,4990
2016,06,TAIWAN,EELS IN ATC NOT IN OIL,5173,18453
2016,06,TAIWAN,EELS IN OIL NOT >7KG,3000,139248
2016,07,CANADA,EELS FRESH,386,2975
2016,07,CANADA,EELS STICKS TYPE PRODUCTS NOT COOKED NOT IN OIL,374,2681
2016,07,CHINA,EELS IN ATC NOT IN OIL,415963,5253580
2016,07,CHINA,EELS IN OIL NOT >7KG,21000,126000
2016,07,JAPAN,EELS FRESH,151,7259
2016,07,JAPAN,EELS FROZEN,59,2072
2016,07,JAPAN,EELS IN ATC NOT IN OIL,9769,96892
2016,07,JAPAN,EELS IN OIL NOT >7KG,50,4547
2016,07,PORTUGAL,EELS FRESH,258,2620
2016,07,SOUTH KOREA,EELS IN OIL NOT >7KG,169,2289
2016,07,TAIWAN,EELS IN ATC NOT IN OIL,12101,89704
2016,07,TAIWAN,EELS IN OIL NOT >7KG,5000,232080
2016,08,CANADA,EELS FRESH,1315,15850
2016,08,CANADA,EELS STICKS TYPE PRODUCTS NOT COOKED NOT IN OIL,1658,10243
2016,08,CHINA,EELS FROZEN,8904,17640
2016,08,CHINA,EELS IN ATC NOT IN OIL,390528,5308408
2016,08,CHINA,EELS IN OIL NOT >7KG,84000,504000
2016,08,JAPAN,EELS IN ATC NOT IN OIL,5291,52421
2016,08,PORTUGAL,EELS FRESH,215,2190
2016,08,SOUTH KOREA,EELS IN ATC NOT IN OIL,100,4340
2016,08,SOUTH KOREA,EELS IN OIL NOT >7KG,108,2961
2016,08,TAIWAN,EELS IN ATC NOT IN OIL,8498,40353
2016,08,TAIWAN,EELS IN OIL NOT >7KG,1000,46416
2016,08,VIETNAM,EELS FROZEN,10617,68574
2016,09,CANADA,EELS STICKS TYPE PRODUCTS NOT COOKED NOT IN OIL,6366,20816
2016,09,CHINA,EELS IN ATC NOT IN OIL,205205,2682931
2016,09,CHINA,EELS IN OIL NOT >7KG,92500,638735
2016,09,JAPAN,EELS FRESH,149,6088
2016,09,JAPAN,EELS FROZEN,60,4499
2016,09,JAPAN,EELS IN ATC NOT IN OIL,3120,33473
2016,09,PORTUGAL,EELS IN ATC NOT IN OIL,195,3593
2016,09,SOUTH KOREA,EELS IN ATC NOT IN OIL,200,8680
2016,09,SPAIN,EELS IN ATC NOT IN OIL,139,4596
2016,09,TAIWAN,EELS IN ATC NOT IN OIL,2395,11501
2016,09,TAIWAN,EELS IN OIL NOT >7KG,1000,42188
2016,09,THAILAND,EELS FROZEN,12292,31930
2016,09,VIETNAM,EELS FROZEN,13811,126875
2016,10,CANADA,EELS FROZEN,6787,74910
2016,10,CANADA,EELS STICKS TYPE PRODUCTS NOT COOKED NOT IN OIL,5831,37678
2016,10,CHINA,EELS FROZEN,1938,3800
2016,10,CHINA,EELS IN ATC NOT IN OIL,154146,2040299
2016,10,CHINA,EELS IN OIL >7KG,20000,236000
2016,10,CHINA,EELS IN OIL NOT >7KG,40000,240000
2016,10,JAPAN,EELS FRESH,91,4736
2016,10,JAPAN,EELS IN ATC NOT IN OIL,8215,57857
2016,10,SOUTH KOREA,EELS FROZEN,250,9963
2016,10,TAIWAN,EELS IN ATC NOT IN OIL,5400,26213
2016,10,TAIWAN,EELS IN OIL NOT >7KG,4000,168750
2016,10,THAILAND,EELS IN ATC NOT IN OIL,528,4250
2016,10,VIETNAM,EELS IN OIL NOT >7KG,630,4197
2016,11,CANADA,EELS FROZEN,13882,137723
2016,11,CANADA,EELS STICKS TYPE PRODUCTS NOT COOKED NOT IN OIL,4997,24693
2016,11,CHINA,EELS FROZEN,13308,59265
2016,11,CHINA,EELS IN ATC NOT IN OIL,343900,4837906
2016,11,CHINA,EELS IN OIL >7KG,8000,92800
2016,11,CHINA,EELS IN OIL NOT >7KG,104500,627000
2016,11,INDIA,EELS FRESH,2200,12550
2016,11,JAPAN,EELS IN ATC NOT IN OIL,2940,24349
2016,11,PORTUGAL,EELS FRESH,1351,15065
2016,11,PORTUGAL,EELS FROZEN,1001,6848
2016,11,PORTUGAL,EELS IN ATC NOT IN OIL,69,2165
2016,11,SOUTH KOREA,EELS IN ATC NOT IN OIL,200,8680
2016,11,SOUTH KOREA,EELS IN OIL NOT >7KG,126,3641
2016,11,TAIWAN,EELS IN ATC NOT IN OIL,2580,14411
2016,11,TAIWAN,EELS IN OIL NOT >7KG,3715,92690
2016,11,VIETNAM,EELS FROZEN,20484,157197
2016,12,CANADA,EELS FROZEN,2093,21928
2016,12,CANADA,EELS STICKS TYPE PRODUCTS NOT COOKED NOT IN OIL,5410,28219
2016,12,CHINA,EELS FROZEN,16300,227429
2016,12,CHINA,EELS IN ATC NOT IN OIL,298369,4000320
2016,12,CHINA,EELS IN OIL NOT >7KG,21000,126000
2016,12,JAPAN,EELS FROZEN,51,3141
2016,12,JAPAN,EELS IN ATC NOT IN OIL,472,17605
2016,12,JAPAN,EELS IN OIL NOT >7KG,94,2126
2016,12,PORTUGAL,EELS FRESH,264,2273
2016,12,TAIWAN,EELS IN ATC NOT IN OIL,3371,22652
2016,12,TAIWAN,EELS IN OIL NOT >7KG,5000,196900
2016,12,UKRAINE,EELS IN ATC NOT IN OIL,3480,4020
2016,12,VIETNAM,EELS FROZEN,3746,30658
2017,01,CANADA,EELS STICKS TYPE PRODUCTS NOT COOKED NOT IN OIL,7313,25988
2017,01,CHINA,EELS FRESH,1497,14700
2017,01,CHINA,EELS FROZEN,30296,259229
2017,01,CHINA,EELS IN ATC NOT IN OIL,397813,5442877
2017,01,CHINA,EELS IN OIL >7KG,14160,121564
2017,01,CHINA,EELS IN OIL NOT >7KG,145500,871250
2017,01,JAPAN,EELS FRESH,48,2072
2017,01,JAPAN,EELS IN ATC NOT IN OIL,2107,14882
2017,01,PANAMA,EELS FRESH,372,2721
2017,01,PORTUGAL,EELS FRESH,585,6772
2017,01,SOUTH KOREA,EELS FRESH,52,2078
2017,01,SOUTH KOREA,EELS IN ATC NOT IN OIL,4950,45118
2017,01,SOUTH KOREA,EELS IN OIL NOT >7KG,140,4137
2017,01,TAIWAN,EELS IN ATC NOT IN OIL,3729,16803
2017,01,TAIWAN,EELS IN OIL NOT >7KG,4000,155640
2017,01,VIETNAM,EELS FROZEN,6895,48541
2017,02,CANADA,EELS STICKS TYPE PRODUCTS NOT COOKED NOT IN OIL,3712,19102
2017,02,CHINA,EELS FRESH,5000,23650
2017,02,CHINA,EELS IN ATC NOT IN OIL,195000,2748278
2017,02,CHINA,EELS IN OIL >7KG,20700,210000
2017,02,CHINA,EELS IN OIL NOT >7KG,63000,378000
2017,02,JAPAN,EELS IN ATC NOT IN OIL,8155,81373
2017,02,PORTUGAL,EELS FRESH,770,8668
2017,02,SOUTH KOREA,EELS IN ATC NOT IN OIL,654,11062
2017,02,TAIWAN,EELS IN ATC NOT IN OIL,4195,22505
2017,02,VIETNAM,EELS FROZEN,4681,37152
2017,03,CANADA,EELS STICKS TYPE PRODUCTS NOT COOKED NOT IN OIL,5445,27890
2017,03,CHINA,EELS IN ATC NOT IN OIL,329574,4317916
2017,03,CHINA,EELS IN OIL NOT >7KG,21000,126000
2017,03,JAPAN,EELS IN ATC NOT IN OIL,6117,35063
2017,03,JAPAN,EELS IN OIL NOT >7KG,50,3187
2017,03,JAPAN,EELS STICKS TYPE PRODUCTS COOKED OR IN OIL,192,2137
2017,03,PANAMA,EELS FRESH,602,4486
2017,03,PORTUGAL,EELS FRESH,1530,18431
2017,03,SOUTH KOREA,EELS IN ATC NOT IN OIL,10762,65969
2017,03,TAIWAN,EELS IN ATC NOT IN OIL,15209,90025
2017,03,TAIWAN,EELS IN OIL NOT >7KG,4000,155640
2017,03,THAILAND,EELS FROZEN,14738,38275
2017,03,VIETNAM,EELS FROZEN,1605,18849
2017,04,CANADA,EELS STICKS TYPE PRODUCTS NOT COOKED NOT IN OIL,2856,12192
2017,04,CHINA,EELS FROZEN,13548,54140
2017,04,CHINA,EELS IN ATC NOT IN OIL,200700,2782073
2017,04,CHINA,EELS IN OIL NOT >7KG,63000,378000
2017,04,CHINA,EELS STICKS TYPE PRODUCTS COOKED OR IN OIL,17237,78740
2017,04,JAPAN,EELS IN ATC NOT IN OIL,16714,122662
2017,04,JAPAN,EELS IN OIL NOT >7KG,120,5208
2017,04,PORTUGAL,EELS FRESH,751,8522
2017,04,PORTUGAL,EELS FROZEN,756,5402
2017,04,SOUTH KOREA,EELS FRESH,62,2699
2017,04,SOUTH KOREA,EELS IN ATC NOT IN OIL,8186,59936
2017,04,TAIWAN,EELS IN ATC NOT IN OIL,3571,20695
2017,04,TAIWAN,EELS IN OIL NOT >7KG,4000,155640
2017,05,CANADA,EELS STICKS TYPE PRODUCTS NOT COOKED NOT IN OIL,4245,16852
2017,05,CHINA,EELS IN ATC NOT IN OIL,114120,1410250
2017,05,CHINA,EELS IN OIL NOT >7KG,121890,815740
2017,05,CHINA,EELS STICKS TYPE PRODUCTS COOKED OR IN OIL,17237,67590
2017,05,JAPAN,EELS FRESH,54,2186
2017,05,JAPAN,EELS IN ATC NOT IN OIL,4215,44924
2017,05,JAPAN,EELS IN OIL NOT >7KG,120,2831
2017,05,PORTUGAL,EELS FRESH,2355,17484
2017,05,SOUTH KOREA,EELS FROZEN,12867,172719
2017,05,SOUTH KOREA,EELS IN ATC NOT IN OIL,5231,43202
2017,05,TAIWAN,EELS IN ATC NOT IN OIL,5383,30206
2017,05,THAILAND,EELS FROZEN,17146,32105
2017,05,VIETNAM,EELS FROZEN,15309,98639